-- Role's insert
INSERT INTO Role (role_id, role_name)
VALUES
    (1, 'CUSTOMER'),
    (2, 'ADMINISTRATOR'),
    (3, 'MERCHANT');

-- Benefit's data insert
INSERT INTO Benefit (benefit_id, benefit_available, description)
VALUES
    (nextval('benefit_sequence'), true, 'Place de parking réservée dans le parking couvert pour une durée inférieure à 20 minutes'),
    (nextval('benefit_sequence'), true, 'Accès gratuit au stationnement de vélo surveillé'),
    (nextval('benefit_sequence'), true, 'Ticket de bus pour une journée');

-- OrderStatus's data insert
INSERT INTO Order_Status (order_status_id, label, description)
VALUES
    (1, 'Pending', 'Waiting for payment'),
    (2, 'Approved', 'Merchant approval for the order');

-- Commerce_Type's data insert
INSERT INTO Commerce_Type (commerce_type_id, label, description)
VALUES
    (1, 'Boulangerie', 'Vente de pain et viennoiseries.'),
    (2, 'Librairie', 'Vente de livres et magazines.'),
    (3, 'Pharmacie', 'Dispensation de médicaments.'),
    (4, 'Épicerie', 'Vente de produits alimentaires courants.'),
    (5, 'Café', 'Service de boissons, surtout de café.'),
    (6, 'Restaurant', 'Service de repas sur place.'),
    (7, 'Boucherie', 'Vente de viande fraîche.'),
    (8, 'Poissonnerie', 'Vente de poisson frais.'),
    (9, 'Magasin de vêtements', 'Vente de habillements.'),
    (10, 'Bijouterie', 'Vente de bijoux et montres.'),
    (11, 'Quincaillerie', 'Vente d''outils et matériel.'),
    (12, 'Magasin de jouets', 'Vente de jouets pour enfants.'),
    (13, 'Fleuriste', 'Vente de fleurs et plantes.'),
    (14, 'Salon de coiffure', 'Services de coupe et soins des cheveux.'),
    (15, 'Opticien', 'Vente de lunettes et lentilles.'),
    (16, 'Fromagerie', 'Vente de fromages.'),
    (17, 'Pâtisserie', 'Vente de gâteaux et pâtisseries.'),
    (18, 'Magasin de chaussures', 'Vente de chaussures.'),
    (19, 'Magasin d’électronique', 'Vente d’appareils électroniques.'),
    (20, 'Boutique de cadeaux', 'Vente d''articles cadeaux.'),
    (21, 'Librairie musicale', 'Vente de musique et instruments.'),
    (22, 'Boutique de sport', 'Vente d''articles sportifs.'),
    (23, 'Magasin de bricolage', 'Vente de matériel de bricolage.'),
    (24, 'Parfumerie', 'Vente de parfums.'),
    (25, 'Magasin de tissus', 'Vente de tissus et mercerie.'),
    (26, 'Boutique de maroquinerie', 'Vente de produits en cuir.'),
    (27, 'Boutique de thé', 'Vente de thés et infusions.'),
    (28, 'Magasin bio', 'Vente de produits biologiques.'),
    (29, 'Boutique de chocolat', 'Vente de chocolats fins.'),
    (30, 'Librairie spécialisée', 'Vente de livres de genres spécifiques.'),
    (31, 'Magasin de décoration', 'Vente d’articles de décoration.'),
    (32, 'Boutique de lingerie', 'Vente de sous-vêtements féminins.'),
    (33, 'Boutique de cosmétiques', 'Vente de produits de beauté.'),
    (34, 'Magasin de meubles', 'Vente de meubles et décorations.'),
    (35, 'Magasin de vins', 'Vente de vins et spiritueux.'),
    (36, 'Boutique de luxe', 'Vente de produits haut de gamme.'),
    (37, 'Animalerie', 'Vente d''animaux et accessoires.'),
    (38, 'Magasin de matériel photo', 'Vente d''équipements photographiques.'),
    (39, 'Boutique de bandes dessinées', 'Vente de comics et mangas.'),
    (40, 'Magasin de disques', 'Vente de musique enregistrée.'),
    (41, 'Boutique de vélos', 'Vente et réparation de vélos.'),
    (42, 'Boutique d’art', 'Vente d''œuvres d''art et fournitures.'),
    (43, 'Magasin d’outdoor', 'Vente d''équipement pour activités extérieures.'),
    (44, 'Boutique de gadgets', 'Vente de gadgets et nouveautés.'),
    (45, 'Magasin de tapis', 'Vente de tapis et moquettes.'),
    (46, 'Boutique de santé naturelle', 'Produits de santé naturels');

-- Address data's insert :
INSERT INTO Address (address_id, street, postal_code, city, latitude, longitude)
VALUES
    (1, '2 Rue de Rivoli', 59000, 'Lille', 50.637, 3.063),
    (2, '46 Boulevard Haussmann', 59000, 'Lille', 50.629, 3.057),
    (3, '8 Avenue Montaigne', 59000, 'Lille', 50.620, 3.070),
    (4, '12 Place de la Concorde', 59000, 'Lille', 50.628, 3.056),
    (5, '16 Rue de la Paix', 59000, 'Lille', 50.636, 3.062),
    (6, '20 Rue des Martyrs', 59000, 'Lille', 50.634, 3.061),
    (7, '24 Rue de la Parcheminerie', 59000, 'Lille', 50.635, 3.060),
    (8, '28 Rue des Francs Bourgeois', 59000, 'Lille', 50.637, 3.059),
    (9, '32 Rue de Turenne', 59000, 'Lille', 50.639, 3.058),
    (10, '36 Rue de Varenne', 59000, 'Lille', 50.640, 3.057),
    (11, '1 Rue de Fleurus', 59000, 'Lille', 50.641, 3.056),
    (12, '5 Rue de l''Elysée', 59000, 'Lille', 50.642, 3.055),
    (13, '14 Rue de Grenelle', 59000, 'Lille', 50.643, 3.054),
    (14, '22 Rue de l''Université', 59000, 'Lille', 50.644, 3.053),
    (15, '28 Rue Bonaparte', 59000, 'Lille', 50.645, 3.052),
    (16, '10 Rue Albert Bailly', 59700, 'Marq-en-Baroeul', 50.667, 3.109),
    (17, '15 Avenue Robert Schuman', 59370, 'Mons-en-Baroeul', 50.653, 3.114),
    (18, '18 Rue du Général de Gaulle', 59110, 'La Madeleine', 50.649, 3.077),
    (19, '25 Rue Pasteur', 59700, 'Marq-en-Baroeul', 50.670, 3.104),
    (20, '30 Rue de Roubaix', 59370, 'Mons-en-Baroeul', 50.655, 3.110),
    (21, '44 Rue du Garet', 59000, 'Lille', 50.651, 3.046),
    (22, '8 Place Bellecour', 59000, 'Lille', 50.652, 3.045),
    (23, '12 Rue de la République', 59000, 'Lille', 50.653, 3.044),
    (24, '16 Rue Victor Hugo', 59000, 'Lille', 50.654, 3.043),
    (25, '20 Quai Saint-Vincent', 59000, 'Lille', 50.655, 3.042),
    (26, '24 Rue Mercière', 59000, 'Lille', 50.656, 3.041),
    (27, '28 Rue du Bât-d''Argent', 59000, 'Lille', 50.657, 3.040),
    (28, '32 Rue de l''Hôtel-de-Ville', 59000, 'Lille', 50.658, 3.039),
    (29, '36 Rue Saint-Jean', 59000, 'Lille', 50.659, 3.038),
    (30, '40 Rue de la Charité', 59000, 'Lille', 50.660, 3.037),
    (31, '2 Rue de la Martinière', 59000, 'Lille', 50.661, 3.036),
    (32, '5 Rue du Plat', 59000, 'Lille', 50.662, 3.035),
    (33, '10 Rue de l''Abbaye', 59000, 'Lille', 50.663, 3.034),
    (34, '17 Rue de la Bombarde', 59000, 'Lille', 50.664, 3.033),
    (35, '25 Rue du Bon Pasteur', 59000, 'Lille', 50.665, 3.032),
    (36, '34 Rue du Griffon', 59000, 'Lille', 50.666, 3.031),
    (37, '42 Rue Saint-Georges', 59000, 'Lille', 50.667, 3.030),
    (38, '50 Rue de la République', 59000, 'Lille', 50.668, 3.029),
    (39, '58 Rue Victor Hugo', 59000, 'Lille', 50.669, 3.028),
    (40, '66 Rue de Marseille', 59000, 'Lille', 50.670, 3.027),
    (41, '2 Rue du Thubaneau', 59000, 'Lille', 50.671, 3.026),
    (42, '4 Rue de la République', 59000, 'Lille', 50.672, 3.025),
    (43, '8 Place Castellane', 59000, 'Lille', 50.673, 3.024),
    (44, '12 Rue Saint-Ferréol', 59000, 'Lille', 50.674, 3.023),
    (45, '16 Quai des Belges', 59000, 'Lille', 50.675, 3.022),
    (46, '20 Rue du Vieux-Port', 59000, 'Lille', 50.676, 3.021),
    (47, '24 Rue de la Canebière', 59000, 'Lille', 50.677, 3.020),
    (48, '28 Rue Paradis', 59000, 'Lille', 50.678, 3.019),
    (49, '32 Rue Breteuil', 59000, 'Lille', 50.679, 3.018),
    (50, '36 Rue Joseph-Cabassol', 59000, 'Lille', 50.680, 3.017),
    (51, '1 Rue de la Corniche', 59000, 'Lille', 50.681, 3.016),
    (52, '5 Rue du Dragon', 59000, 'Lille', 50.682, 3.015),
    (53, '72 Boulevard Saint-Germain', 59000, 'Lille', 50.683, 3.014),
    (54, '80 Avenue des Champs-Élysées', 59000, 'Lille', 50.684, 3.013),
    (55, '10 Rue Mouffetard', 59000, 'Lille', 50.685, 3.012),
    (56, '2 Promenade des Anglais', 59000, 'Lille', 50.686, 3.011),
    (57, '4 Rue Masséna', 59000, 'Lille', 50.687, 3.010),
    (58, '12 Rue Cassini', 59000, 'Lille', 50.688, 3.009),
    (59, '40 Rue des Fossés-Neufs', 59000, 'Lille', 50.689, 3.008),
    (60, '3 Rue Mercière', 59000, 'Lille', 50.690, 3.007),
    (61, '7 Place de la Cathédrale', 59000, 'Lille', 50.691, 3.006),
    (62, '15 Rue des Écrivains', 59000, 'Lille', 50.692, 3.005),
    (63, '2 Rue des Filatiers', 59000, 'Lille', 50.693, 3.004),
    (64, '6 Place du Capitole', 59000, 'Lille', 50.694, 3.003),
    (65, '10 Rue Saint-Rome', 59000, 'Lille', 50.695, 3.002),
    (66, '1 Chemin du Lac', 59000, 'Lille', 50.696, 3.001),
    (67, '5 Rue de la Grande Motte', 59000, 'Lille', 50.697, 3.000);

-- FidelityCard data insertion :
INSERT INTO Fidelity_Card (fidelity_card_id, points, balance)
VALUES
    ('123e4567-e89b-12d3-a456-426614174000', 54.50, 49.50),
    ('723a4867-e89b-16l3-a858-856918174111', 84.00, 19.50),
    ('9dd2c6f2-4352-4d59-bfbc-bf7b16163ffa', 38.77, 43.95),
    ('c0f056f8-ffc4-4602-ba0c-45c7d75614a7', 2.82, 43.81),
    ('17d07977-3d3d-4ccb-b618-5ad4738e37af', 9.12, 25.13),
    ('d803d1fe-642a-4e59-9480-1620079da38a', 18.52, 19.22),
    ('adfdcd1b-5752-4789-b581-0a1852e60962', 45.17, 48.66),
    ('12a7118c-f3cb-4f12-bd3e-362e233f4f49', 69.67, 2.32),
    ('09615884-ef1b-4b0c-bfe9-7036ed9d1eec', 91.31, 23.53),
    ('7872cda2-51c1-4da4-8ef2-3c95fd19c3d9', 0.31, 12.46),
    ('b027c95a-dac8-4c3a-b567-f52a0a6c350f', 54.75, 25.2),
    ('6d6133ae-672d-4bed-a309-aacda4297159', 46.93, 40.22),
    ('d70c96f8-98be-4122-b36d-a841d21ff31c', 92.61, 45.2),
    ('c8fc32b2-51a0-44a1-a69c-299f36bc9680', 3.66, 24.48),
    ('ba03433e-be93-4500-8e60-14220727a708', 16.47, 35.44),
    ('d5d80ce6-5c76-46c4-ac65-6a4340c64adb', 67.96, 3.79),
    ('b869d02c-fa2d-4cd9-bbbf-5fbc11701b09', 90.96, 2.8),
    ('2a75d0f8-43b8-447b-87f1-cf629d61511b', 75.53, 38.59),
    ('3ae85908-6be9-4a88-8a07-80317b25d6d0', 14.22, 35.44),
    ('c5137398-f899-4e26-9da2-e15267d43bbf', 70.17, 47.47),
    ('33df1b9b-9828-4e1d-893e-b852fe22c491', 94.29, 20.06),
    ('6edaeb44-65e4-4f03-9fa4-da5b45ff1b09', 94.57, 13.39),
    ('e1568b9c-8c4b-453f-b7bd-819b8d0a6311', 51.7, 6.44),
    ('cd93fa47-ae87-407a-b747-1adfd45c3577', 5.48, 5.73),
    ('db8eebd9-a179-47cd-84a9-b46120c65363', 56.88, 3.88),
    ('26d54e36-51e6-43c5-880b-0ed20b9cf228', 56.96, 29.39),
    ('dcbd593c-e44d-41a0-8a9c-a3c4821d149f', 19.33, 46.88),
    ('31bbd3a4-bd5f-4ace-a4b5-51d3c48eb1d3', 71.58, 1.36),
    ('b1eb20f4-8733-4e1c-afa7-50fe2a83480d', 42.01, 13.78),
    ('d055670e-cf22-4968-8b32-98e3f98af386', 44.03, 11.45),
    ('67cb3999-81a3-4e31-acb3-98c400811eb4', 60.82, 30.36),
    ('a79a324b-ef21-48dd-9084-d4ebcbe78005', 43.53, 15.99),
    ('7d9a2e33-d398-49cb-900a-5ba55d0e2535', 41.5, 4.71),
    ('bf9c5489-156c-4ff6-bae1-852262c0abfd', 22.34, 11.42),
    ('1018c5b3-5802-44e0-8f73-c95ac8ac59c1', 31.94, 6.34),
    ('4be5ec0b-12c9-48ad-9119-0afdd3db84a5', 39.91, 34.9),
    ('9685e656-2828-4440-a6f3-7e0fa0835930', 12.29, 0.25),
    ('3b5d4b28-2b04-43df-a80a-4e0a8c1a489a', 35.92, 19.87),
    ('7cff2385-de4d-4aab-9fdd-f089fd397db2', 73.94, 29.51),
    ('a6f8c0b7-6b0f-46e7-8253-c9f57d531ee6', 45.1, 29.31),
    ('569be4ce-0015-4923-8723-1f4e246e9dd2', 9.34, 4.32),
    ('154a0bd1-23a5-4c5f-baa8-fa05adcc3a8e', 95.5, 46.33),
    ('6097c7bb-48cf-4d82-b855-be65ef86191b', 7.76, 41.8),
    ('d4793f04-bf1f-4822-b89f-8ad90df7726a', 41.37, 43.78),
    ('6f9d9650-2b8a-497f-a9ab-0bd10def2883', 88.06, 3.09),
    ('bc5a4e55-a600-4138-ba81-f0b0fd750fc4', 67.58, 47.36),
    ('65bec8fb-da22-4c2e-844a-8f817d5b9326', 94.85, 6.46),
    ('e30a1c65-fcb1-43ef-bcbc-80a3efb2bcd9', 9.04, 44.12),
    ('77d9a804-1e39-48d0-af06-f4056ebe1859', 63.77, 38.77),
    ('3e3cf942-1a07-47de-88f8-ed38c1c7b232', 51.56, 29.13),
    ('79ef082b-e8bc-4fd5-9bdc-bdbc248b41b7', 18.14, 39.04),
    ('80864559-12f4-4bf7-9dc4-04fc5bc8047e', 13.33, 5.64),
    ('04b0a3a0-e776-44d5-a141-cdeac202ffb3', 23.47, 47.81),
    ('3ae7859f-8d46-4a10-b085-738afffc50a2', 72.62, 40.87),
    ('4e8571b9-69ff-4e6e-b021-ccddf7d0e67b', 50.96, 37.9),
    ('a5925de2-9dd8-49f8-ad1a-1ec8bbad6b12', 14.75, 44.91),
    ('68ad4192-0822-4a79-bf25-10c0827226b4', 77.12, 1.02),
    ('4e48e33d-3ed6-4d0e-8f80-f91a8675689f', 65.73, 10.47),
    ('51804300-ae03-4c17-9677-622fa63eaf8c', 90.28, 32.71),
    ('e28f3e8f-1049-440d-bc15-3903f62a3536', 89.85, 28.39),
    ('7bebbbbb-6ced-4e08-b38c-35d05f99ff85', 66.17, 15.09),
    ('2e9b04f5-d8dd-4f1a-89e5-e8b1ff387c01', 44.37, 41.47),
    ('76ff56c8-968e-49de-a9b3-498cde78f895', 68.74, 0.61),
    ('6239248e-2fd8-43a6-83d4-eed21e9d87c3', 2.96, 33.06),
    ('6660072c-2c6b-40ec-8a9d-36645ef506a8', 2.56, 37.0),
    ('d9118f8b-87cc-4817-a06f-8396c84b6f7a', 97.33, 3.02),
    ('da344bec-cfef-44e3-aeea-201f1bbd845d', 19.93, 12.92),
    ('14a805b6-96b2-4e92-b53a-dc017b763eef', 24.52, 3.11),
    ('a9b65838-6892-415f-ac71-e74d12ff81b2', 13.72, 40.03),
    ('b6f2e635-8152-4a83-a257-488517268e8c', 3.66, 30.81),
    ('ef0f10cc-6f85-4914-9400-8562f4b0d460', 58.8, 24.8),
    ('97577fff-9bda-4737-a358-e32b24d8dfe8', 80.39, 29.96),
    ('afa1e356-00fb-455e-b364-58e881983870', 28.22, 27.74),
    ('fcc86312-04c1-48d4-9161-aa37631118cd', 22.98, 5.41),
    ('026a7d8f-63d0-425b-b7a0-aed85cd7d25c', 98.77, 47.4),
    ('75e2abae-224d-4d5b-aec4-37d23117205b', 76.25, 4.73),
    ('f551d5d4-4bdf-4866-95bf-4eaa2b0f38aa', 55.19, 4.05),
    ('9bae8a94-adef-4261-a2be-2893f32f7bed', 1.99, 18.52),
    ('1d77cfd2-f182-4533-a159-1ac79993f595', 25.5, 47.59),
    ('881df506-8134-4580-b274-e1baddfbd7c3', 1.23, 21.25),
    ('ee98f12c-9bea-4f8e-90aa-d1faf7c84204', 48.4, 40.83),
    ('ca0ffeaa-184f-4602-b7e0-e667f05d9d0c', 17.56, 5.88),
    ('c7a0e20e-1c42-4486-8097-7e58aeefd083', 22.95, 27.24),
    ('f67ab9d5-069a-4060-88fd-16133cd5f6bb', 86.37, 3.58),
    ('10cdb3b3-ca25-4574-ae36-0dfdd3761f1b', 75.13, 5.58),
    ('d55acfd0-3303-48f8-9efd-da9ac5e793b2', 44.04, 23.87),
    ('38c61be0-c16c-4cda-861b-c9508c31e30c', 31.73, 17.63),
    ('6631bc0f-cd16-450d-abb1-9c0a369c884f', 47.45, 24.49),
    ('edb46375-4f6c-4b92-a78c-ac09c64ded25', 77.37, 29.0),
    ('fc36ec2c-21c6-455f-91ca-73e0ad80f7ad', 33.14, 0.55),
    ('cd955870-27fd-4736-8d9c-b2c3c929efcd', 26.76, 9.92),
    ('8a43f2c4-770b-4e7d-8331-5424607d0e16', 75.22, 27.97),
    ('d73a582c-ee02-4f96-9c78-3075ff840dc4', 42.26, 40.47),
    ('5efe7bb2-9857-464c-984d-75ec4765a467', 1.01, 12.9),
    ('18ac7ab9-f48f-45aa-9e09-fcf13b30d2ab', 74.38, 25.07),
    ('9fdc36a6-1145-4747-9ec4-85b72429d65a', 50.55, 35.89),
    ('4e8fa028-c798-4ad0-b49d-9b7db6e0f0d1', 62.92, 10.09),
    ('46f6d6d8-9515-4d6f-b5d7-8a7cfa831bd9', 21.01, 36.64),
    ('4472fd9d-f600-467b-b971-7cc400d8eb20', 94.07, 0.58),
    ('de45f4c2-c7f9-46fc-b938-8eb6ea4a88fc', 38.2, 38.2),
    ('0c3f9f41-6cb9-4b36-abf4-1873656a279b', 27.05, 40.74),
    ('36261d51-0614-4dbc-b186-92829ce4abd6', 20.3, 34.61),
    ('d381dd81-c74d-4b08-9cc5-d06355b0ec4a', 65.29, 25.03),
    ('75ddb877-881f-448a-9b06-ea4dec9e5aec', 3.16, 32.07),
    ('8188c4c9-aa1f-4e7b-9eaa-0a7ad515bc7c', 78.32, 20.03),
    ('f6cd5eb3-d000-4e7d-8b6c-9021423361a7', 82.0, 48.07),
    ('e8e49a14-cb97-4728-9391-3b6545e01ef7', 99.71, 3.82),
    ('608d9703-75b0-42a8-b9c0-270d7921358a', 13.99, 3.6),
    ('187aa98c-ccd4-44ae-90cb-bb545489542f', 51.15, 34.86),
    ('3ad9f936-6df2-4592-817a-9c8017085591', 12.41, 6.25),
    ('8528262a-901d-4fb6-b338-3506b07971fb', 34.11, 3.28),
    ('d7eec3b9-79bb-455b-8fef-264dc3efad5c', 46.95, 19.66),
    ('1ca909f4-88db-4da8-a267-f8883ff8d476', 88.57, 22.11),
    ('c38f1833-f563-4e73-b841-b035c7653b7d', 80.52, 31.88),
    ('444d7860-201b-4d6f-9c19-8dc41ad77074', 18.01, 42.76),
    ('3233fc75-3130-45ba-bcf5-50f99b107cb7', 6.98, 1.96),
    ('b104dd7e-acd8-4644-81c8-23e5645fbb1b', 61.27, 7.06),
    ('c9338cd9-1763-44a6-b3d0-f0b5045db746', 71.86, 5.17),
    ('4aa4838f-80e9-446b-85a0-e8a709bb4ab7', 44.79, 38.46),
    ('8ff50005-61f6-47ac-a32f-a4941e743ca7', 18.79, 8.13),
    ('28fc7ad6-ba42-4991-8eea-aab46e852e28', 5.72, 15.01),
    ('d3dd71a4-a9cf-48ce-aab8-3b7d202eed45', 51.35, 34.19),
    ('9fd15d67-0d90-4359-b62b-f67b3a4d96e2', 20.67, 12.85),
    ('67d629db-8b2f-428f-96eb-e33379b726cc', 4.83, 0.18),
    ('2275b433-ddff-4341-9363-896787c0a677', 15.03, 25.06),
    ('6881b5bc-a70d-4c2f-8414-09e0c994ea88', 94.71, 41.97),
    ('427cf8af-867d-425b-9104-d280d71774ea', 0.86, 42.89),
    ('572c484b-daab-4325-aa89-19c6eec52093', 27.17, 34.05),
    ('c9cc878e-26bf-4a16-8af1-273a0d0091f6', 57.16, 22.53),
    ('24954e9e-add7-4652-aaba-e15ad5f6e253', 61.95, 20.37),
    ('2afc413a-85dd-4cda-9784-73ac9dc4011b', 57.2, 21.43),
    ('e0300752-6d90-450a-9c63-3d47bea2f52e', 23.56, 18.68),
    ('41be1f96-ede2-44df-8245-0814a2a8c874', 54.0, 24.12),
    ('5f7a048c-7928-4616-a65b-db5348af8078', 80.34, 47.73),
    ('9b2093b0-513d-4194-a3fe-825b9166fa50', 88.45, 32.58),
    ('20f63cba-e02b-4eb7-a9c5-7d8b8ae4535c', 65.3, 20.95),
    ('318db2c5-c967-4c8d-b4c1-218ed3d4abed', 34.75, 9.77),
    ('5f6bd4e7-cb79-47ff-9d60-ad805b4c544d', 24.34, 9.28),
    ('11eca146-abc5-4b8b-9975-401cb45863ee', 84.95, 48.93),
    ('8bb19d3d-25ca-4b87-87e4-adce39266301', 97.34, 46.15),
    ('5926f3a2-602f-454a-8427-753431284748', 42.76, 27.75),
    ('5c073855-4d20-4445-ae94-aae9defd9516', 69.81, 40.47),
    ('44a7d8bd-bced-4b93-a0b4-ddebe22a46ac', 0.31, 44.28),
    ('3f7ffba1-cdd0-4973-bd58-9195403b80e8', 58.79, 32.99),
    ('c43b572b-793a-48e6-9763-2602fc1f2ae3', 74.76, 6.35),
    ('2c5b16b0-caa2-4498-80dc-dc290cc59bcf', 80.49, 6.62),
    ('8db87a61-60ba-40a9-b9fb-06b327a2c51b', 86.31, 7.39),
    ('2bcf9bb3-37d4-449f-8db5-46b7e042ef31', 33.36, 9.91),
    ('d61a72b0-55e2-4ea8-9f67-5a44686d0678', 81.69, 39.96),
    ('1371c0f6-5a7b-4667-82fc-2948705cffaa', 0.25, 15.76),
    ('fd0140e8-dacf-4efc-a2bf-7848c1cc7227', 97.66, 10.94),
    ('f1abe20d-dac0-4eb6-83cc-bfdf45dddab5', 31.74, 5.22),
    ('d2b021c4-d8f5-444b-8619-e045aeefdb06', 31.36, 19.2),
    ('832038c5-f1a7-46a8-871c-49234b8bd5b9', 37.02, 41.17),
    ('3087f5b4-1319-4aaf-895f-011a80501438', 79.94, 41.68),
    ('71389627-638a-4486-9859-edd1c0be9d7f', 60.79, 42.62),
    ('555f59d3-7032-4184-9119-6556979fa7e0', 98.69, 46.18),
    ('1122e5fd-9bc5-4829-9983-37c0a8612c89', 73.45, 49.05),
    ('ecfe19da-18f2-4ae5-a464-fae88314cd0e', 63.71, 22.3),
    ('6e4881ec-8b19-424f-9d7d-4212692bf8fc', 52.0, 1.21),
    ('c1e5f43a-f870-4d17-b1f9-dbf29431a23f', 21.66, 5.62),
    ('61736c63-f196-4a03-bd34-a74d7a5ebdb2', 2.63, 45.15),
    ('66d2374f-056e-4877-a902-55563b69fed3', 81.83, 17.05),
    ('a6ff3ebe-8951-42ee-b00c-6a4254aa6c4a', 17.01, 22.01),
    ('986609cd-3ac2-4cc5-9def-822ed4967d99', 45.4, 2.36),
    ('4d08d2f9-f94c-48d1-b2ae-c167e7410411', 19.8, 1.3),
    ('f80cfdcb-0ce0-4983-97bc-54a1f9b32394', 76.43, 19.16),
    ('cda50202-07db-4a4c-b8bd-fc80f72f1a31', 45.27, 37.7),
    ('843cb221-6032-42f5-97a5-0a86f8bd4c94', 66.5, 39.27),
    ('f793102b-0868-47dd-a76b-21e1b55ed019', 77.26, 49.47),
    ('562abb8b-341b-40fb-9323-3ef6267252e0', 28.17, 48.41),
    ('3a8c1eff-97d4-43f1-b576-f700145976cb', 26.39, 19.21),
    ('72a078df-0d89-48d5-a82a-27ea9dc0ea5a', 10.42, 32.82),
    ('80d6e8d6-f8c6-4e28-b4b1-89b0910af9c2', 21.32, 20.54),
    ('779d81bc-2853-4206-a5c0-f71b0ecf1eb8', 77.8, 38.39),
    ('e3ca9e35-8470-4a9c-89f5-1a67f3e00b56', 3.95, 48.05),
    ('29c3a52a-1ac7-41f6-8127-36e8f69b5c9b', 92.1, 8.74),
    ('192782b5-b00c-4b77-995b-bf2126fbda4c', 10.11, 23.29),
    ('56ef0172-7f0a-4f2d-8a3b-aedb70422db7', 46.78, 34.68),
    ('b8150059-bfd6-4e00-bee8-6a2d20fb7dac', 72.23, 30.16),
    ('02925759-16ab-4704-81b4-3cbab620c6e0', 9.45, 7.99),
    ('93ef2843-d5c4-4407-a58b-ff82b1f14771', 26.12, 43.39),
    ('bb63a3f9-4a3c-4ba8-998c-30c64fd5a5d2', 93.58, 28.62),
    ('d791ad26-8caf-404f-ac2f-60032bba97a3', 39.45, 12.96),
    ('1574c196-eec9-4945-bebb-02cad3a8465c', 31.42, 41.06),
    ('90634f33-08e3-452c-9f4f-6b02ecd66565', 66.92, 31.48),
    ('124d0c70-571f-4d98-9372-4d0d1c651181', 41.99, 18.18),
    ('912856fe-609c-4fcf-98b9-f6c27006e207', 30.74, 11.49),
    ('cc1dfb51-613a-407b-beb1-63226dcd6030', 80.57, 47.52),
    ('e0d00721-75f2-4cfa-b895-946f9fdbcd8a', 40.61, 41.27),
    ('68865e71-cebb-4b2f-92cc-44e69413f6ba', 27.03, 25.16),
    ('f3d4fcf7-daf2-4f9c-a68d-aff84f855b0a', 90.92, 42.29),
    ('f58ce881-4889-4f3a-94a5-b97670059fb5', 98.93, 3.05),
    ('d70734e5-ad31-4f76-b30b-607cfa53cb04', 75.1, 22.62),
    ('b8dd6cb7-d0d6-4980-b159-ebe148f8cc4b', 13.77, 47.0),
    ('8a7f9ba5-25d4-462c-806d-df3b978d24ec', 0.42, 3.18),
    ('b8ce243d-afea-42a4-aff1-6ec1fd26ddfb', 38.77, 0.13),
    ('f0569b30-9ac2-4592-a4e0-c04d154389fc', 53.31, 42.17),
    ('0fb1c47e-628d-4a0a-9fde-195b26de7891', 83.29, 45.8),
    ('8c79d1dd-b5c5-4a12-ad95-3c2b87fbadf8', 44.34, 31.24),
    ('72d24343-788c-4cea-9060-8607a8f4726f', 85.04, 10.7),
    ('0492146c-5025-4a65-840d-d0b5a02e2d6e', 35.69, 28.55),
    ('fb1e7388-1629-4936-8801-65574a59b5ee', 12.46, 28.14),
    ('151321fa-9289-4ede-ae45-c3ccf7c12856', 92.32, 5.84),
    ('18b980e8-2ee0-4d86-879c-49f583727009', 86.41, 13.97),
    ('9cd46758-581e-4d3a-846d-df4e8ccd39bf', 25.49, 42.23),
    ('4fdcfe3a-cab3-470b-b196-78b1e8981e40', 14.22, 16.36),
    ('ca9323f5-eb59-43e4-89e1-bd122b32c333', 87.49, 3.45),
    ('2a72a8d6-373d-46b6-9f49-bb0192232321', 11.97, 10.93),
    ('9ee74d65-3d26-4f69-b5e7-2cef90d0b68e', 35.69, 27.7),
    ('f34255d5-53e7-4ada-a041-445b3aa6cf6c', 38.06, 25.61),
    ('b9af89f7-54b4-4845-8f23-2910cfa68a28', 35.01, 13.31),
    ('8d06ec40-08e8-4c7e-ac05-c4b1be77e4fb', 8.76, 18.04),
    ('abc4aca0-dbd9-446b-baab-c0910f4baa25', 54.0, 27.35),
    ('b729c4d6-d450-49c7-a517-44b0c1b1a639', 55.63, 41.71),
    ('b221e8af-2189-485a-a424-4067cf392038', 64.31, 33.95),
    ('e29062f4-6fc6-4f97-b413-cd3758c7ed38', 28.66, 43.43),
    ('872ed20f-1d0b-443a-84d0-421838e9d40e', 1.62, 5.8),
    ('16950ad3-7ed6-4b0f-9a00-63d549cc7dd0', 2.66, 1.23),
    ('c38d2af9-f16a-43fe-b6a4-b87d883571d3', 75.3, 40.97),
    ('f98bdd12-176d-436a-8f59-02a5eb2c5dfb', 97.03, 12.7),
    ('594be06f-7b8a-4bcd-8463-9c5b15e51ea6', 73.26, 2.82),
    ('d8099992-5b9a-434d-8390-595fb5db0d9d', 85.9, 47.07),
    ('46f6ca6f-7686-467e-8244-e9a2c7c3a5c4', 98.96, 13.74),
    ('319bfb32-affe-400e-90a9-1705d74671b3', 22.33, 28.5),
    ('841ef31b-4c17-4872-95a3-772c430896bb', 6.1, 24.79),
    ('f3aac574-1036-4a33-8665-2664ceb3a9ef', 98.99, 11.02),
    ('c6d77760-2c8b-49df-9ba0-a3e81466c440', 28.21, 42.03),
    ('15e9a5f1-5ffb-462f-95fc-011f729b983d', 36.51, 4.81),
    ('da16ab74-0f5d-4c58-91cd-32193ba829c0', 49.1, 33.01),
    ('eed1c027-a7f7-41ec-8aeb-c257a2b11eaf', 47.87, 37.24),
    ('ccb2c024-f028-4cb4-ba60-cc01d42c9cf1', 72.34, 1.04),
    ('2b5644f4-3418-48ff-a35d-64726e89f4e2', 36.86, 7.13),
    ('e457a76f-526a-4bb1-ba8a-3c091639e084', 83.39, 11.55),
    ('a871f8d9-0e27-4351-aff2-8339087db8bf', 81.17, 27.72),
    ('242f5078-c148-4350-a954-6a9c8a06c4f7', 53.51, 0.97),
    ('b9639bf9-6528-4cfa-a1b8-2f747fadc4de', 90.58, 0.37),
    ('1ae5ef62-be97-4767-b221-0cea37b38181', 50.72, 45.42),
    ('e614f2dc-23ff-4cc6-b6fc-d7613db32c86', 43.12, 7.23),
    ('52435912-6dda-4b9b-9870-bfd86be92a44', 58.34, 32.58),
    ('74a78b1b-a141-433c-87d7-7ebf4b5a7eb3', 5.98, 1.95),
    ('ce814037-2a2c-49c5-8ed8-a3a189ef7d3e', 71.54, 40.89),
    ('a7d4bf68-e915-481e-8b14-378b9eb52c79', 18.42, 6.79),
    ('eb335a5b-13ce-4fa2-a8a7-c1e4aec450b6', 29.7, 39.87),
    ('c2a8ed98-52a2-481b-a1d7-dbc91d28b65a', 97.95, 11.3),
    ('a233a546-58dd-46a4-abff-0a4bbbcf7924', 79.93, 23.78),
    ('bf53f10f-2f7f-444c-b665-ea4451ba46fc', 62.7, 3.9),
    ('6d96cdbd-d988-4e26-99d5-6417adeacd55', 19.6, 35.7),
    ('ba33c550-cae2-4618-a233-fc88154312a6', 13.85, 46.39),
    ('96af42d0-09a4-4411-82a5-13f18116bf5a', 77.52, 10.99),
    ('1d8c4031-4692-48e7-8232-1e506eda2c36', 82.76, 17.75),
    ('89799474-454b-4e17-92df-311c8b73c1b3', 57.05, 11.81),
    ('f6046ffb-dc12-458e-9807-18b6c6e763a1', 47.23, 3.01),
    ('4bdf7502-d335-42a2-bce6-f51bd6ac727f', 14.79, 13.76);

INSERT INTO Customer (id, username, lastname, firstname, password, email, enabled, phone_number, role, is_vfp_membership, subscription_date, vfp_used)
VALUES
    (1, 'xlegrand', 'Martins', 'Denis', '!rE2g%vGM7CV', 'zacharie54@orange.fr', True, '06 33 25 74 02', 2, False, '2023-01-13', True),
    (2, 'lgerard', 'Dupuy', 'Suzanne', '^9K1J7LsXW%V', 'martine26@tiscali.fr', True, '06 79 20 48 30', 2, True,  '2022-06-16', True),
    (3, 'ineslegrand', 'Vincent', 'Louise', '^ov0ZabcndAd', 'acharrier@laposte.net', True, '01 19 75 70 06', 2, True, '2022-08-03', False),
    (4, 'zacharie44', 'Millet', 'Christophe', 'E(6i_YmWBcoY', 'valetteelise@tele2.fr', True, '0639362193', 1, False, '2023-02-10', False),
    (5, 'bertrandduhamel', 'Chauveau', 'Valérie', 'U0MPRGYn_xog', 'alice19@gosselin.com', False, '06 02 13 91 84', 2, True, '2022-12-11', True),
    (6, 'martyodette', 'Andre', 'Édith', '#kX&IMuHR@c5', 'leroynath@bernard.com', True, '+33 3 42 35 62 96', 1, False, '2022-08-03', False),
    (7, 'hnavarro', 'Leclercq', 'Christelle', '0G9OqtkO&_x_', 'rogerschmitt@sfr.fr', True, '08 01 30 96 09', 1, True, '2024-01-05', False),
    (8, 'laurepotier', 'Brunet', 'Élise', '#9y0Df_oqo&5', 'etiennemichele@da.com', True, '+33 1 12 32 91 17', 2, True, '2024-01-22', True),
    (9, 'alfred81', 'Le Roux', 'Martine', 't1(06ZmQe4!D', 'qnoel@boyer.org', True, '+33 (0)1 92 86 68 58', 2, False, '2023-01-14', True),
    (10, 'constancebernier', 'Leblanc', 'Gabriel', '3Tm5VF3aO+4P', 'penelopepoulain@tele2.fr', False, '05 22 51 26 42', 1, True, '2022-11-24', True),
    (11, 'lemoineleon', 'Perez', 'Cécile', 'q8m4EPi&%rcs', 'louise38@gilbert.net', False, '01 24 95 69 43', 1, True, '2022-07-10', True),
    (12, 'bpereira', 'Pires', 'Joseph', '@m_W7php6F6y', 'frederique32@bouvier.fr', True, '0568502011', 2, True, '2023-11-19', True),
    (13, 'smichaud', 'Jean', 'Roger', 'kAX9lrBF)M@D', 'adrien01@fournier.fr', True, '+33 3 07 57 42 37', 1, True, '2024-01-25', True),
    (14, 'margaudrodriguez', 'Gomes', 'Lucas', '&pJckGMdt8eG', 'kadam@morin.com', True, '03 93 73 52 84', 1, True, '2022-03-14', True),
    (15, 'hortense28', 'Legendre', 'Andrée', '%AecFr)@Z8Yq', 'maillotcatherine@hotmail.fr', True, '0385875098', 2, True, '2022-08-15', False),
    (16, 'paul77', 'Perrot', 'Claude', '!wH8FPe7y6cu', 'gbenoit@albert.com', True, '0802150825', 2, True, '2023-03-27', True),
    (17, 'ocarre', 'Lemaire', 'Patricia', '%_hqf4JcRaYc', 'nathalie00@tele2.fr', False, '+33 1 73 14 06 19', 2, False, '2023-01-27', False),
    (18, 'marechalpauline', 'Diallo', 'Nath', 'Iz%3*#AU0LCg', 'gleger@wanadoo.fr', False, '0805797859', 1, True, '2024-03-01', False),
    (19, 'lainefrancoise', 'Diallo', 'Gilles', '^Y2Brz0Q61#I', 'monique38@hamel.com', True, '+33 (0)4 02 92 68 26', 1, False, '2022-12-21', True),
    (20, 'marcel71', 'Vallet', 'Roger', ')uE*rgH38%5X', 'kchevallier@pinto.com', True, '+33 (0)8 07 14 46 92', 2, True, '2023-08-05', False),
    (21, 'amelie03', 'Maréchal', 'Jeannine', 'OXZI(wGv@3jN', 'lerouxalexandre@live.com', True, '0367507198', 1, False, '2023-08-06', True),
    (22, 'zachariebrun', 'Dufour', 'Grégoire', '0cRZF+(fH%e9', 'gcordier@lebrun.com', True, '+33 2 03 21 35 56', 1, False, '2023-10-23', True),
    (23, 'hortense29', 'Goncalves', 'Claudine', 'r%8Abap5%+7M', 'noemi05@bonnet.fr', True, '+33 6 74 11 70 29', 2, False, '2022-10-06', True),
    (24, 'richardelisabeth', 'Bertrand', 'Luc', 'X_T9ONDgRO34', 'marie92@hotmail.fr', True, '+33 (0)4 66 32 24 35', 1, True, '2023-02-19', False),
    (25, 'svaillant', 'Étienne', 'Alphonse', '@s*i@JhaKP9#', 'rcollin@laposte.net', True, '+33 2 13 62 30 69', 1, False, '2023-10-06', False),
    (26, 'eugenebourdon', 'Julien', 'Georges', 'X63!eTZQL5Ub', 'fontainemargot@tiscali.fr', True, '02 20 55 23 75', 2, False, '2022-08-06', True),
    (27, 'leductristan', 'Caron', 'Christelle', 'dv0I7Wr@u+X9', 'paul24@leroux.fr', True, '06 45 08 72 77', 2, True, '2022-06-08', True),
    (28, 'paulettegiraud', 'Gérard', 'Aimée', '_lCKGnsirb6X', 'pierreceline@cordier.com', True, '0691863929', 1, False, '2024-02-27', False),
    (29, 'limbert', 'Becker', 'Michel', 'WTEnQHy_@%7q', 'anais86@allard.com', True, '05 82 95 87 16', 2, False, '2024-01-31', False),
    (30, 'martinegillet', 'Louis', 'Éléonore', '&72r*AULv2L$', 'gabrielle84@orange.fr', True, '+33 (0)4 77 20 20 97', 2, True, '2022-11-24', False),
    (31, 'chevalierdaniel', 'Ollivier', 'Martine', '&@ULDBzi%Y2Y', 'hmasse@renault.fr', True, '0455758289', 1, False, '2023-08-26', True),
    (32, 'gillesmaillet', 'Normand', 'Alix', 'u8_r&!Wc#kPK', 'paulette84@maillot.fr', True, '+33 8 07 05 47 03', 2, False, '2023-03-14', False),
    (33, 'bigotmarcelle', 'Perez', 'Alfred', 'WydxXFwi@^F0', 'madeleineleroux@lenoir.fr', True, '0121348592', 1, False, '2023-09-23', True),
    (34, 'dorotheedenis', 'Vallée', 'Luce', '4%827YGr+A^k', 'ualbert@orange.fr', True, '04 94 15 73 78', 2, True, '2023-04-30', False),
    (35, 'emmanuelle26', 'Bernier', 'Susan', '!%*HWN#hU$66', 'danielmarcelle@free.fr', True, '0150336553', 1, True, '2023-11-22', True),
    (36, 'dumasagnes', 'Mary', 'Andrée', ')8gIybAw4b0+', 'simonanastasie@club-internet.fr', True, '0509336562', 1, False, '2022-09-16', True),
    (37, 'eric47', 'Devaux', 'Céline', 'RxK)blEf@G4J', 'marcblanchard@tele2.fr', True, '+33 1 07 04 65 57', 1, True, '2023-07-05', False),
    (38, 'coletteimbert', 'Rousset', 'Noémi', 'chwX%r6+3lp&', 'turpincecile@jacques.fr', True, '01 11 31 28 76', 2, False, '2023-07-21', True),
    (39, 'nathjourdan', 'Lesage', 'Thomas', 'Q$5_DIyMTyt4', 'nmace@bouygtel.fr', False, '+33 2 72 17 87 20', 1, True, '2022-11-07', True),
    (40, 'remymorel', 'Imbert', 'Guillaume', '(BJU8q4@S1+G', 'frederiquebailly@sfr.fr', False, '+33 2 97 09 38 79', 2, False, '2023-09-09', False),
    (41, 'nalexandre', 'Dupré', 'Danielle', '43bEK_xVp&k@', 'blinclaire@payet.fr', False, '0637118547', 2, True, '2022-06-07', False),
    (42, 'emiliebourgeois', 'Mace', 'Henri', 'x6scK#t6#2OY', 'mjoseph@jacob.org', True, '04 01 05 76 52', 1, False, '2022-08-03', False),
    (43, 'clebrun', 'Ruiz', 'Zacharie', '_TClUEI1#5hK', 'suzanne70@voila.fr', True, '0190865400', 1, True, '2022-07-26', False),
    (44, 'levequejuliette', 'Bouvet', 'Jérôme', 'VGXqrU9j$(1w', 'benoit88@diaz.com', True, '0239656703', 1, True, '2023-03-08', True),
    (45, 'aimemichaud', 'Ramos', 'Adèle', 'o1d4AH5E_mZB', 'claude06@aubert.com', True, '0327361347', 1, False, '2022-04-10', True),
    (46, 'lbenoit', 'Simon', 'Roger', '*P*AHoPzMl4$', 'emmanuelarnaud@caron.net', True, '0148791558', 1, True, '2023-12-27', True),
    (47, 'marc92', 'Dubois', 'Isaac', '^aoG1C0+iLc9', 'verdierlorraine@tiscali.fr', True, '+33 (0)3 80 40 17 96', 2, True, '2023-10-21', False),
    (48, 'ribeiropatrick', 'Lejeune', 'Audrey', 'X+fKXjItrJz5', 'therese36@pineau.com', True, '+33 4 76 79 10 86', 2, True, '2022-10-25', True),
    (49, 'paulettebouvet', 'Courtois', 'Théodore', ')^lu5P3yyi9+', 'alfredfrancois@free.fr', True, '+33 (0)3 60 99 37 82', 1, True, '2023-11-23', False),
    (50, 'adelaideberger', 'Adam', 'Étienne', 'l0VnVYsE)Nmc', 'mauricerocher@jacob.net', True, '+33 6 74 17 36 75', 1, True, '2023-02-23', False),
    (51, 'fbouvier', 'Blanchet', 'Alexandre', '*+C7W)kY4k3#', 'bernierstephane@wagner.com', True, '05 24 46 31 58', 1, True, '2023-11-29', True),
    (52, 'bperrot', 'Clerc', 'Thérèse', '(ffSblro)3W_', 'elaunay@tele2.fr', True, '+33 2 26 96 25 61', 2, False, '2022-04-11', True),
    (53, 'costezacharie', 'Poulain', 'Margaud', '^0R8s6%Gb5CW', 'paulsalmon@teixeira.net', True, '0123215464', 2, True, '2023-05-05', False),
    (54, 'upasquier', 'Fournier', 'Alexandre', 'X)Z+h&S!_n6C', 'ylebrun@albert.fr', True, '0617936661', 2, True, '2022-12-17', True),
    (55, 'josette71', 'Denis', 'Suzanne', '(7+1yQur+TQa', 'qpicard@andre.org', True, '+33 8 01 17 74 52', 1, True, '2023-02-05', False),
    (56, 'guilbertcolette', 'Blot', 'Marguerite', '9Ct&5haKE6UX', 'etiennejeannine@maurice.com', False, '+33 (0)5 49 81 86 04', 1, False, '2022-03-15', True),
    (57, 'isabelle58', 'Camus', 'Hélène', '+&dNk7b)j)5%', 'bergerodette@chauvin.com', False, '06 82 52 94 81', 1, True, '2023-06-05', False),
    (58, 'gabrielpereira', 'Coste', 'Joseph', '8*02JNTc4wH+', 'baudrysebastien@tiscali.fr', True, '0800731297', 1, False, '2022-07-08', True),
    (59, 'seguingeorges', 'Le Roux', 'Monique', '33oHxkgBs0M(', 'honore89@gmail.com', True, '0662307640', 1, True, '2022-10-16', True),
    (60, 'jacqueline17', 'Legros', 'Alain', '&^$k9ar9H5UG', 'lerouxnathalie@wagner.fr', True, '+33 (0)3 34 52 26 64', 1, False, '2022-04-15', True),
    (61, 'adupuy', 'Da Silva', 'Élodie', '$5Sa&iobz)sA', 'qleleu@normand.fr', True, '+33 2 00 98 61 67', 1, True, '2024-02-05', False),
    (62, 'stephanecoulon', 'Martins', 'Hortense', 'AL@c$7Fgc0MG', 'lecomteaurelie@bailly.org', False, '03 43 33 16 39', 2, True, '2023-12-14', True),
    (63, 'xhuet', 'Legrand', 'Colette', 'PxM2JWyhdg)^', 'grosclemence@vallee.org', True, '05 23 67 82 43', 2, True, '2022-04-08', True),
    (64, 'denisetienne', 'Breton', 'Roland', '_A+vNr+&0(4x', 'vtoussaint@laporte.com', True, '0273912389', 1, True, '2022-12-25', False),
    (65, 'valerie76', 'Poirier', 'Pierre', 'y9W2_svr&%LA', 'massonstephanie@de.fr', True, '0210847119', 1, True, '2022-04-07', False),
    (66, 'zjourdan', 'Leclerc', 'Nath', 'X&0fVWaAcqWN', 'le-rouxbernadette@tele2.fr', True, '04 22 59 23 10', 1, True, '2023-05-15', True),
    (67, 'valetteadrienne', 'Labbé', 'Alain', '_7W1jQFb48jS', 'mercierolivier@jacob.fr', True, '+33 1 91 85 21 70', 2, False, '2023-08-22', False),
    (68, 'alicediallo', 'Giraud', 'Christelle', '#d6WP&d2vkXK', 'yvesgillet@laposte.net', True, '+33 (0)4 36 54 37 90', 2, False, '2022-08-05', True),
    (69, 'robertgregoire', 'Vaillant', 'Simone', 'h^%u8Rd&4+av', 'grobin@hotmail.fr', True, '+33 8 05 29 63 77', 2, False, '2022-06-08', True),
    (70, 'margaud25', 'Roy', 'Éléonore', '&!GgSO1G2kI^', 'roland96@ifrance.com', True, '0663520901', 2, True, '2023-02-27', True),
    (71, 'daniel91', 'Maréchal', 'Olivie', '^x4O+izms@9R', 'jeanninebailly@tiscali.fr', True, '+33 4 34 08 71 13', 1, False, '2023-03-24', True),
    (72, 'fcollin', 'Chartier', 'Margaret', '&UFHzQ4Gj7s_', 'celinavallet@maillot.com', True, '+33 3 10 14 78 97', 1, False, '2023-06-02', True),
    (73, 'lucepires', 'Teixeira', 'Aimée', 'V!Xt(3FyXZpL', 'glemaire@gmail.com', True, '0688136327', 2, True, '2023-09-06', True),
    (74, 'agnesgilles', 'Lévy', 'Marie', 'ASQxRSiz6&5V', 'antoinettepasquier@wanadoo.fr', True, '01 98 41 70 76', 1, False, '2022-11-22', False),
    (75, 'schmitthenriette', 'Leblanc', 'Éléonore', 'is8Q_Tyh#ksw', 'aperret@valette.fr', True, '0388375819', 2, False, '2023-12-21', True),
    (76, 'theodoregilbert', 'Thibault', 'Victor', '#1N2hNxD$oU)', 'charlesjulien@ifrance.com', False, '+33 (0)1 80 10 22 27', 1, True, '2023-05-23', False),
    (77, 'yhoareau', 'Legendre', 'Adrien', 'mr0AcKXI@p1(', 'william39@traore.com', True, '0185836601', 2, False, '2022-12-10', True),
    (78, 'clauderoux', 'Rey', 'Martin', 'xT1UBaLgWQ$7', 'honoreledoux@leroux.fr', True, '+33 1 93 26 05 26', 2, False, '2022-10-06', False),
    (79, 'lucaslaine', 'Poirier', 'Matthieu', 'Uw78EP+yY#1L', 'patriciaetienne@gmail.com', True, '0163648864', 2, False, '2023-09-07', True),
    (80, 'lemaitreguillaume', 'Thibault', 'Valérie', 'JoV0_&T0_4bj', 'marcellebesson@tiscali.fr', True, '+33 8 00 31 31 16', 2, True, '2022-03-28', True),
    (81, 'brunsusanne', 'Pasquier', 'Édith', 'Y*K7Cn2kF%((', 'lemoinealex@tele2.fr', True, '02 50 08 27 77', 2, False, '2022-03-31', False),
    (82, 'durandelodie', 'Blanc', 'Margaud', '_+uFSCdj7HL6', 'gabriellebouvet@da.com', True, '+33 5 41 75 48 85', 1, False, '2024-01-04', True),
    (83, 'alphonse52', 'Vasseur', 'Laurence', 'g5(4rMfeyTG#', 'josephchristophe@live.com', True, '0226199085', 2, True, '2023-05-26', False),
    (84, 'dmonnier', 'Hoareau', 'Monique', '@tP5@qQl!X7B', 'jeannineraymond@bodin.org', True, '05 05 64 74 31', 2, True, '2024-02-20', False),
    (85, 'pintooceane', 'Valentin', 'René', 'I@&tIlX+Pr7B', 'igros@gmail.com', True, '01 97 22 50 07', 1, False, '2024-01-20', False),
    (86, 'guy36', 'Martinez', 'Gilbert', '304VV(dv*DwB', 'gilletbenoit@tele2.fr', True, '+33 5 51 91 46 29', 2, True, '2023-02-05', False),
    (87, 'jbreton', 'Loiseau', 'Jules', 'H)27N%Eu#vd@', 'ollivierluc@guillon.fr', True, '+33 1 29 39 02 17', 1, False, '2023-07-02', False),
    (88, 'timotheehernandez', 'Bouchet', 'Margaret', 'Q&Rr7rFpZ)pz', 'olivier73@tiscali.fr', True, '+33 (0)5 28 35 13 14', 2, False, '2023-05-17', True),
    (89, 'suzannedupuis', 'Lenoir', 'Adélaïde', 'mmY2NHCs^Iit', 'plaunay@yahoo.fr', True, '+33 6 40 17 25 61', 1, False, '2022-10-24', False),
    (90, 'mariegiraud', 'Fischer', 'Célina', '5K5bFlk33%Mn', 'mauricereynaud@gonzalez.fr', True, '+33 (0)4 42 94 11 76', 1, True, '2023-09-06', True),
    (91, 'capucine10', 'Blanchard', 'Daniel', ')6f$TZb8ShqP', 'rcohen@orange.fr', True, '+33 (0)5 64 22 64 30', 2, True, '2023-09-28', True),
    (92, 'grosclemence', 'Dumont', 'Madeleine', 'j_6Bflb5W79Q', 'pierre01@orange.fr', True, '08 03 79 52 22', 1, False, '2024-01-03', False),
    (93, 'descampsgenevieve', 'Michel', 'Marine', 'qPl4FAXf7g&S', 'yle-goff@club-internet.fr', True, '0467548554', 2, False, '2023-10-20', False),
    (94, 'claudine29', 'Pinto', 'Gérard', '%7T@oXE_rcBD', 'chantal58@wanadoo.fr', True, '01 67 01 31 63', 2, False, '2023-04-25', True),
    (95, 'guyothortense', 'Delattre', 'Martine', '!dH^y8+w90Wc', 'igallet@wanadoo.fr', True, '+33 (0)3 97 25 70 11', 1, False, '2023-10-17', False),
    (96, 'brigitteantoine', 'Valette', 'Roland', '!25ZC0PpvT^R', 'ebrunet@orange.fr', True, '0443123881', 1, False, '2023-12-23', False),
    (97, 'albertnathalie', 'Fabre', 'Aimée', 'MMWE2Tis&+rW', 'chevallierantoinette@laposte.net', False, '+33 (0)5 46 90 93 71', 2, False, '2022-04-22', False),
    (98, 'adelaide16', 'Prévost', 'Charlotte', 'z!v7FWeQJbVD', 'brunetamelie@prevost.com', True, '+33 6 21 53 03 42', 2, False, '2022-10-22', False),
    (99, 'pottieryves', 'Rémy', 'Grégoire', '%kme4J&e3^YA', 'elouis@tiscali.fr', True, '+33 2 49 50 72 98', 1, True, '2023-12-22', True),
    (100, 'plelievre', 'Maurice', 'Gérard', '!#93kMWqK3v6', 'claude12@lacombe.org', True, '+33 8 08 83 04 71', 1, False, '2023-05-08', False),
    (101, 'martin89', 'Letellier', 'Nicole', ')YJ3Z)#J%0Or', 'wperez@wanadoo.fr', True, '+33 6 87 46 88 39', 1, False, '2023-09-04', False),
    (102, 'marqueswilliam', 'Aubry', 'Adèle', '3xF@sCIx^@7e', 'adrienguibert@perrier.fr', True, '+33 (0)4 00 06 88 32', 2, True, '2023-09-24', False),
    (103, 'eugenemarty', 'Guichard', 'Pauline', '17CfQbU1$PS6', 'delattrepatricia@david.net', True, '05 33 00 58 77', 1, True, '2023-04-24', False),
    (104, 'theophile02', 'Diaz', 'Jean', 'a4eOsmtid9e@', 'zmuller@laposte.net', True, '+33 (0)5 93 31 22 97', 2, True, '2023-09-13', True),
    (105, 'chretienhenriette', 'Bigot', 'Sébastien', '@3uO+xyK(n&Z', 'augustin96@blanchard.fr', True, '0628477434', 1, True, '2023-05-01', False),
    (106, 'levequeremy', 'Lemoine', 'Victoire', 'ef*9v^Hb^72A', 'lucasemmanuelle@sfr.fr', True, '+33 3 38 76 51 30', 2, False, '2022-11-08', True),
    (107, 'davidraymond', 'Goncalves', 'Matthieu', '^bKh0EKwvf@G', 'marie98@free.fr', True, '0644600159', 1, False, '2023-06-18', False),
    (108, 'tristan84', 'Lagarde', 'Diane', '^A@G2oUc28%2', 'lesagesophie@ifrance.com', True, '+33 (0)8 00 74 30 06', 1, True, '2022-07-07', True),
    (109, 'ldidier', 'Toussaint', 'Diane', 'r9dY4Gs&RwO%', 'zfoucher@bonnet.com', True, '0196052620', 2, True, '2023-03-23', False),
    (110, 'pauline43', 'Boulay', 'Clémence', '+uCBMKoiv7&p', 'yves30@cousin.net', True, '+33 (0)2 55 14 75 35', 1, True, '2023-01-04', False),
    (111, 'ejoubert', 'Bourdon', 'Alix', 'g(P8Q9hR1dW3', 'veronique93@club-internet.fr', True, '+33 (0)5 44 29 01 27', 2, True, '2024-01-16', True),
    (112, 'henribuisson', 'Briand', 'Timothée', 'nPr%*Hcsk(Y5', 'constance46@besson.fr', True, '01 31 41 14 26', 1, True, '2022-11-08', False),
    (113, 'audreyguillet', 'Moreau', 'Clémence', '7tQ13NmG*jhW', 'thibaultdos-santos@tele2.fr', True, '03 68 80 05 40', 1, True, '2023-06-20', True),
    (114, 'hamondavid', 'Gauthier', 'Célina', '8b4FGir_#s9L', 'elodieguibert@merle.org', True, '+33 2 02 95 83 47', 2, True, '2022-09-29', True),
    (115, 'anouk10', 'Potier', 'Amélie', '%6XDDbcS11_H', 'mvincent@orange.fr', True, '04 16 61 93 98', 1, False, '2023-09-28', True),
    (116, 'trolland', 'Maréchal', 'Benjamin', 'qC@IUmdem@h9', 'patricia20@riou.fr', True, '+33 (0)6 73 84 24 87', 2, False, '2023-06-16', False),
    (117, 'agillet', 'Gilbert', 'Arnaude', '#HG82%Ti&q^s', 'jacquesbazin@descamps.fr', True, '0181730521', 1, False, '2022-06-10', True),
    (118, 'sebastien55', 'Valentin', 'Cécile', 'bl93BTnqd@Ox', 'bigotaurore@hotmail.fr', True, '+33 (0)4 33 77 45 24', 2, False, '2024-02-04', True),
    (119, 'rhuet', 'Hernandez', 'Corinne', '*q4TFz0iClUZ', 'marchalaurore@voila.fr', True, '08 04 20 69 14', 1, True, '2022-03-22', True),
    (120, 'lamytheodore', 'Fouquet', 'Sophie', '!c4Bhw%BZ_o6', 'courtoiselodie@dubois.com', True, '03 42 53 51 00', 1, False, '2022-04-25', False),
    (121, 'dbailly', 'Moulin', 'Céline', 'S^5wdf$ZqMQV', 'zvalentin@lemaitre.org', True, '+33 (0)8 00 32 20 89', 2, True, '2022-06-15', False),
    (122, 'amartel', 'Jacquot', 'Maggie', 'wsS3riFF_F6I', 'valerie17@brunet.fr', True, '+33 (0)5 04 34 57 80', 1, True, '2024-02-18', True),
    (123, 'dominique58', 'Didier', 'Lucie', 'Mp0EPfvo&Cen', 'grosjerome@benard.com', True, '+33 2 16 74 85 78', 1, True, '2024-03-11', True),
    (124, 'navarroisaac', 'Carlier', 'Amélie', '27FZX*kd#9R7', 'macenoel@pons.com', True, '+33 2 90 99 29 66', 1, True, '2023-05-09', False),
    (125, 'thibault37', 'Marin', 'Valérie', 'V_X^(dG1%R4V', 'alfredbaron@tiscali.fr', True, '+33 (0)2 04 47 83 34', 2, False, '2023-01-23', True),
    (126, 'rfouquet', 'Delannoy', 'Thérèse', '3SIX1Mk7+zHl', 'gerardbenjamin@riviere.com', True, '+33 (0)1 99 53 28 74', 1, True, '2022-06-11', False),
    (127, 'jchretien', 'Bousquet', 'Françoise', '%FX0+GxnIi85', 'georges84@ifrance.com', True, '+33 (0)5 53 59 34 16', 2, False, '2024-02-01', False),
    (128, 'tbousquet', 'Couturier', 'Claude', 'C)3lcm^RGrLY', 'bonninolivier@wanadoo.fr', True, '+33 8 02 34 70 88', 1, True, '2024-02-03', False),
    (129, 'qdidier', 'Garcia', 'Suzanne', '48c@f9q4)DDy', 'hmasse@thibault.net', True, '+33 (0)6 05 48 32 27', 2, True, '2023-05-27', False),
    (130, 'legrosalex', 'Roussel', 'Alexandrie', ')i2Pgrzy1gFA', 'laurentmerle@vallet.net', True, '+33 1 30 03 79 73', 2, True, '2022-07-02', True),
    (131, 'nicolaslucas', 'Picard', 'Sophie', 'NjKSz_8r+5!9', 'susan76@marie.net', True, '0272286554', 2, True, '2022-06-04', False),
    (132, 'thierry92', 'Roche', 'Sébastien', 'y_G%KDy!!T7N', 'victoirehubert@nicolas.fr', True, '+33 8 04 74 76 20', 2, True, '2023-02-15', False),
    (133, 'clairepotier', 'Martinez', 'Antoinette', '8F1+BbErsUyR', 'tsamson@ifrance.com', True, '+33 4 56 70 38 11', 2, False, '2023-12-13', True),
    (134, 'meunieralphonse', 'Philippe', 'Théophile', '^(^_c2Qdj$F_', 'nathalie18@martel.fr', True, '05 41 97 35 32', 2, False, '2024-01-26', False),
    (135, 'antoinettelenoir', 'Valentin', 'Victor', 'Tb9Nb^axbkR@', 'bergermarthe@auger.fr', True, '0112596076', 2, False, '2023-04-29', True),
    (136, 'louisecolin', 'Martineau', 'Madeleine', 'r!FOQl8maTOT', 'jacques08@valentin.com', True, '+33 6 26 19 12 02', 2, True,'2022-07-15', True),
    (137, 'leclercrichard', 'Gimenez', 'Margaud', '*9O5uUYhREf(', 'blincatherine@club-internet.fr', True, '0198601595', 2, True, '2022-03-29', True),
    (138, 'flebon', 'Blin', 'Robert', 'vXdf+p3S&3JK', 'krenault@voila.fr', True, '+33 (0)8 02 82 92 26', 1, False,'2023-04-14', False),
    (139, 'delahayedorothee', 'Ramos', 'Benoît', 'R9o6Gw$v_%L+', 'marionnicolas@dbmail.com', True, '+33 5 45 37 06 27', 2, False, '2022-04-21', True),
    (140, 'godardremy', 'Buisson', 'Michelle', 'cei(NR3x#2Oj', 'aimee38@lefort.net', True, '03 52 01 32 46', 2, True,'2023-05-30', True),
    (141, 'isaac92', 'Lambert', 'Bernadette', 'eRiWWhUVii5%', 'pbarthelemy@goncalves.com', False, '01 13 65 68 07', 2, False, '2022-06-04', True),
    (142, 'benardbenoit', 'Klein', 'Étienne', 'e+KHLNwbQV3K', 'nath94@orange.fr', True, '04 03 72 64 25', 1, False, '2022-09-15', True),
    (143, 'suzannegarnier', 'Meyer', 'Vincent', '&zv_M(xtdf2D', 'jacqueline36@thomas.fr', True, '+33 (0)8 03 13 86 35', 1, True, '2022-09-03', True),
    (144, 'wvincent', 'Grenier', 'Timothée', 'HKJh)vE7JW6!', 'jean10@dumont.fr', True, '0405901724', 2, False, '2023-09-30', True),
    (145, 'gaillardhenriette', 'Hernandez', 'Isabelle', '!92oGZAowWhE', 'ericregnier@diallo.com', True, '01 37 40 75 99', 2, False, '2022-07-13', True),
    (146, 'paulinemillet', 'Guilbert', 'Anne', 'E_sYRT_w$c5X', 'tlegros@gmail.com', True, '+33 (0)3 69 94 52 54', 2, True, '2022-08-07', False),
    (147, 'moniquemercier', 'Jourdan', 'Jacques', 'lf8_ZEot_dv#', 'philippepotier@germain.com', True, '08 02 74 77 65', 2, True, '2023-04-22', False),
    (148, 'bmartinez', 'Rey', 'Christine', '^8E8ivi^&X@r', 'turpinandre@live.com', True, '06 44 81 88 62', 2, True, '2023-04-10', True),
    (149, 'mbuisson', 'Boucher', 'Gilles', '&o8sBZom2wv%', 'lacroixtimothee@yahoo.fr', True, '+33 1 39 63 13 41', 1, False, '2023-11-09', False),
    (150, 'ddelmas', 'Guillaume', 'Cécile', '%7CoOCjah%*V', 'nlacombe@lemaire.org', True, '+33 (0)1 50 09 49 97', 2, False, '2023-11-28', True),
    (151, 'kpetit', 'Rousset', 'Robert', 'nn1EaB#eG^RT', 'luce17@faivre.org', True, '+33 3 74 91 57 47', 2, False, '2023-05-28', False),
    (152, 'vlesage', 'Dijoux', 'Danielle', ')k0@UWSw8!ZY', 'nathalie71@pires.com', True, '02 85 49 72 12', 1, False, '2023-10-26', False),
    (153, 'olivierjeannine', 'Louis', 'Juliette', '&G^8LN_o&O%h', 'hbernier@orange.fr', True, '05 77 66 15 95', 2, True, '2023-04-19', False),
    (154, 'fmuller', 'Germain', 'Auguste', 'Fy%9Oj0omoZs', 'victoireadam@dbmail.com', False, '+33 1 68 13 69 82', 2, True, '2023-02-19', False),
    (155, 'lcollet', 'Faure', 'Charles', '9*7P6XVz$R(J', 'isimon@wanadoo.fr', True, '+33 4 33 17 06 10', 1, True, '2023-05-26', False),
    (156, 'sabine29', 'Lombard', 'Benoît', '*(Dy6)5qh5QL', 'anneguillot@peltier.fr', True, '0158218493', 2, False, '2022-10-30', True),
    (157, 'nlanglois', 'Schmitt', 'Susanne', 'JCN)Nk1Sj7hO', 'kleinhenri@dupre.com', True, '+33 1 00 35 70 37', 1, False, '2022-09-06', False),
    (158, 'denisjacques', 'Cordier', 'Adrien', '^tjaY79c1vd1', 'blanctristan@duval.fr', True, '+33 (0)5 70 40 87 21', 2, False,  '2023-05-03', True),
    (159, 'rene23', 'Alexandre', 'Françoise', '01xnoEG5)qtB', 'vpires@sfr.fr', True, '+33 (0)3 62 45 09 73', 1, False,  '2023-01-02', False),
    (160, 'regniercecile', 'Berthelot', 'Jacques', 'zdyt9cQz@V4*', 'marie80@boucher.net', True, '02 35 43 03 77', 2, False, '2023-09-26', True),
    (161, 'qhernandez', 'Leclerc', 'Alexandria', '9dtyZQZG&^4V', 'valeriegosselin@live.com', True, '+33 (0)5 01 85 66 04', 2, False, '2023-06-27', False),
    (162, 'valeriemasse', 'Brunel', 'Bernadette', '5$2H^B4kQInf', 'denise18@charrier.com', True, '01 69 68 21 59', 1, True,  '2023-08-07', True),
    (163, 'corinneblanc', 'Morin', 'Marianne', '(Om38H)igcd$', 'thereseaubert@leleu.fr', True, '+33 8 08 95 08 10', 1, True, '2022-05-12', True),
    (164, 'nathhumbert', 'Baudry', 'Augustin', 'dbC^m7#es^3n', 'gerardcarlier@tiscali.fr', False, '+33 1 41 15 49 47', 1, False, '2023-06-12', True),
    (165, 'isabelle22', 'Lesage', 'Luc', '$W#Qyhom*D7V', 'lucvalentin@cousin.com', True, '+33 (0)5 45 84 48 07', 2, False, '2023-03-17', False),
    (166, 'alfredgoncalves', 'Rey', 'Lucie', 'Kd2OI2Ty)_(8', 'daniel19@sfr.fr', True, '+33 (0)5 01 96 69 84', 2, False, '2023-03-04', False),
    (167, 'descampsgilles', 'Mahe', 'Susanne', 'iA_9IOabiRX$', 'leclercqauguste@laposte.net', True, '+33 (0)1 58 84 72 65', 2, False, '2023-10-13', False),
    (168, 'dufourpierre', 'Pasquier', 'Susan', 'uqfMSCNUd%j8', 'prevostjacqueline@sfr.fr', True, '0307119956', 1, True, '2022-07-29', True),
    (169, 'qruiz', 'Guyot', 'Gabriel', 'Qk3JJoIl)8gJ', 'anouklacombe@legendre.fr', True, '+33 2 70 40 75 18', 1, True, '2022-09-07', False),
    (170, 'antoinegallet', 'Garcia', 'Margaux', '#gzckV9wEH43', 'claude22@morin.com', True, '+33 4 94 77 59 52', 2, True, '2022-04-07', False),
    (171, 'vidaldaniel', 'Bousquet', 'Nathalie', 'FV1ioRcE!7Vk', 'sylviecoste@tele2.fr', False, '+33 1 53 30 63 07', 2, False, '2023-06-01', True),
    (172, 'corinne14', 'Fontaine', 'Louise', 'iv3Rp7Y+j$T$', 'marie58@sfr.fr', True, '+33 4 79 24 90 77', 1, False, '2022-03-23', False),
    (173, 'arthur51', 'Marin', 'Maurice', 'G81WT)7i^f#n', 'alexandre21@bailly.com', True, '+33 (0)4 18 25 36 71', 2, True, '2022-08-13', False),
    (174, 'ilaine', 'Berger', 'Claudine', '@q6_n_W8QyS6', 'victor26@leduc.fr', True, '0403282015', 2, True,'2022-03-26', True),
    (175, 'alexandria71', 'Rocher', 'Édouard', '*#hulr1LE8LA', 'dorotheemaury@club-internet.fr', True, '0241559869', 1, True,  '2022-04-26', True),
    (176, 'sschmitt', 'Da Silva', 'Agnès', 'Wn@1zEHg*#!d', 'guilloualain@jourdan.fr', True, '0291360265', 1, True,  '2022-04-29', True),
    (177, 'penelopeboucher', 'Cordier', 'Madeleine', 'B(x01qp&&#2X', 'jacquelineferreira@costa.fr', True, '0628222646', 2, False, '2024-01-14', True),
    (178, 'patrick20', 'Fontaine', 'François', 'qFp2VAYg$$$g', 'oceane19@laposte.net', True, '+33 (0)6 16 48 17 21', 2, True, '2023-12-02', False),
    (179, 'leblancmargaret', 'Perez', 'Frédéric', 've!#XEsrV#27', 'delattrezacharie@maurice.com', True, '0117335684', 1, True,  '2023-09-13', True),
    (180, 'duhamelthibaut', 'Morel', 'Nath', 'eUNl4Tp3$0HI', 'theodoregros@diaz.org', True, '0217816294', 2, True,  '2022-10-11', True),
    (181, 'caronadele', 'Blot', 'Audrey', '!M*(dXgeR1zQ', 'lucasjulien@lacombe.fr', True, '+33 (0)1 58 74 61 78', 1, False,  '2022-12-28', True),
    (182, 'laetitia04', 'Legendre', 'Anne', 'UADYRnso$1wU', 'xaviermunoz@joly.fr', True, '0314218616', 2, True, '2023-06-02', False),
    (183, 'laurentloiseau', 'Delaunay', 'Édith', 'o1&(7Mgh_P6+', 'descampseugene@marion.fr', False, '06 75 58 49 92', 2, False,  '2023-07-12', False),
    (184, 'levyantoinette', 'Maréchal', 'Nath', 'B_8ozw6aJitB', 'kpires@pages.com', True, '+33 8 01 28 13 26', 1, False, '2023-11-12', True),
    (185, 'mgilles', 'Guillot', 'Renée', '(A04HURjaGD)', 'ucaron@monnier.com', True, '+33 1 39 47 79 20', 1, True, '2023-03-08', False),
    (186, 'elisepasquier', 'Marin', 'André', '&8IMvW4Qe5ql', 'aurore96@potier.org', True, '02 75 26 63 40', 1, False, '2023-12-08', True),
    (187, 'alexandriabertrand', 'Gonzalez', 'Camille', '1867LiTn%Mi%', 'noemi58@jourdan.com', True, '03 36 81 04 39', 1, False, '2022-07-19', False),
    (188, 'giraudjulie', 'Maillet', 'Yves', ')sIzk@Lfd7oW', 'colette25@lesage.com', True, '04 14 55 26 96', 1, True,  '2022-12-20', False),
    (189, 'vincenttorres', 'Huet', 'Pénélope', '(Ku8*Rg)$7Gg', 'xbriand@evrard.com', True, '+33 6 68 24 98 26', 2, False, '2024-03-03', True),
    (190, 'qallard', 'Lesage', 'Camille', 'H@DFuxJG$e4*', 'moreaumichelle@pelletier.com', True, '08 08 39 22 97', 1, False,  '2022-08-14', True),
    (191, 'alexandrie29', 'Regnier', 'Christiane', 'r%4&07WrilEX', 'margaretalbert@petitjean.fr', False, '0807433090', 1, True,  '2023-11-04', True),
    (192, 'paul44', 'Huet', 'Étienne', 'K(y_6Vz(FF6h', 'christelledumont@perrot.fr', True, '01 99 81 30 19', 1, False,  '2023-08-16', False),
    (193, 'claudineribeiro', 'Vallet', 'Patricia', 'CvWZLAht$47V', 'benjamin69@tiscali.fr', True, '0431334790', 2, True, '2022-07-02', False),
    (194, 'kpascal', 'Leroux', 'Dominique', 's1uLKJLY+392', 'aperon@orange.fr', True, '0194467550', 1, False, '2022-12-20', False),
    (195, 'bgeorges', 'Courtois', 'Monique', '4l6W_5uz&ISe', 'spotier@germain.fr', True, '+33 (0)4 65 87 85 94', 1, False,'2022-12-24', True),
    (196, 'eleonore42', 'Techer', 'Margaud', '3@m95EjgQvej', 'celinaperret@noos.fr', True, '04 18 16 56 45', 2, True,  '2023-02-26', True),
    (197, 'zoe94', 'Lebrun', 'Michelle', '%uGMYVn$R0lu', 'njean@live.com', True, '0180087241', 2, True,  '2023-02-20', True),
    (198, 'sabine96', 'Mallet', 'Renée', '@OaEpzcI65c+', 'guillaumeduval@clement.org', True, '08 07 40 88 02', 1, True, '2022-11-03', True),
    (199, 'turpincharles', 'Riou', 'Mathilde', '#gdMc*eGj0hg', 'agnes61@lebreton.com', True, '0165836721', 1, False, '2023-07-12', True),
    (200, 'dpineau', 'Reynaud', 'Marc', '_Qj*7rAd_I))', 'dbegue@dbmail.com', True, '0485632593', 1, True, '2024-01-27', True),
    (201, 'anormand', 'Lambert', 'Cécile', '#0CxnB6T@FUQ', 'nguyenlucy@dupuy.net', True, '+33 (0)3 90 57 55 56', 1, False,  '2022-10-22', False),
    (202, 'auguste16', 'Barthelemy', 'Bertrand', 'S)J5YtF+!@$w', 'guilletlorraine@lemonnier.com', True, '+33 1 18 17 24 25', 1, False,  '2022-09-14', False),
    (203, 'allainhugues', 'Rodriguez', 'Théophile', '39Yw_c*@_Ga$', 'victorthibault@lacroix.fr', True, '0627822054', 2, False,  '2023-06-02', True),
    (204, 'chretienguy', 'Marie', 'Frédéric', '$s2Xzan%zX3F', 'sguillou@brunet.com', False, '08 02 80 10 10', 2, True, '2022-06-28', True),
    (205, 'auroregodard', 'Maillet', 'Christiane', '@1HZpg*iMF*^', 'imbertlaure@duhamel.org', True, '05 88 74 20 73', 1, True, '2023-08-21', True),
    (206, 'olivierherve', 'Maury', 'Auguste', 'CxE&Wzyk&4lC', 'bnoel@pages.org', True, '01 60 04 32 41', 1, True, '2023-07-25', False),
    (207, 'emmanuelledumas', 'Thibault', 'Geneviève', '1uwE9PbuLuf!', 'ude-oliveira@auger.com', True, '0688040862', 1, False,  '2022-08-10', True),
    (208, 'bessoncharlotte', 'Leclercq', 'Emmanuel', 'iks+oRTkvy$3', 'isaacpaul@ferrand.fr', True, '+33 2 46 85 14 73', 2, False,  '2022-07-27', False),
    (209, 'tguibert', 'Hamon', 'Franck', ')k8@FXrpS^)J', 'renardnoel@club-internet.fr', True, '+33 3 61 82 56 42', 2, False,  '2023-08-24', False),
    (210, 'charlesallain', 'Grégoire', 'Isaac', '3(0DFxsk)bAK', 'alphonsefournier@free.fr', True, '06 62 28 80 70', 1, False, '2023-07-27', False),
    (211, 'reneedupont', 'Maillard', 'Juliette', 'w5QOF+Ix!2*A', 'gleclercq@paris.com', True, '+33 3 66 68 59 55', 1, False,  '2023-04-21', False),
    (212, 'pottiersabine', 'Leroy', 'Sabine', '#Yg8ssWa!j4t', 'manon64@bernard.org', True, '+33 (0)1 95 86 41 81', 1, False,  '2023-07-30', False),
    (213, 'josephdupre', 'Boulanger', 'Henri', 'IvyX&KHt$6+Q', 'lombarddiane@blondel.org', True, '+33 1 52 72 84 92', 2, True,  '2022-06-04', False),
    (214, 'alexandriebonneau', 'Hoareau', 'Valérie', 'En5T6Dwf*VIW', 'emmanuelle60@orange.fr', False, '+33 (0)5 74 95 83 79', 1, False,  '2023-07-22', True),
    (215, 'suzanneledoux', 'Vidal', 'Marthe', 'o)3Jg%ySsuq^', 'ogregoire@gmail.com', True, '02 51 08 33 86', 2, True,  '2022-09-26', True),
    (216, 'michele10', 'Buisson', 'Christiane', 'ko1QQL+vbm&(', 'sabinerodriguez@live.com', False, '+33 3 10 58 41 54', 1, True,  '2023-03-03', False),
    (217, 'bigotcharlotte', 'Tessier', 'Marcelle', 'e2A!_ngi+aZp', 'antoinereynaud@paris.fr', False, '02 31 11 66 08', 1, False,  '2023-03-29', False),
    (218, 'rfischer', 'Dufour', 'Nathalie', '^YE4M(my&Jk8', 'margauxteixeira@ollivier.net', True, '01 67 67 15 48', 2, True, '2023-04-19', False),
    (219, 'isabellelouis', 'Da Costa', 'Maryse', 'PSu6qGz+pgx)', 'celinerocher@voila.fr', True, '+33 (0)4 69 52 48 33', 1, False,  '2023-11-08', False),
    (220, 'mailletedouard', 'Roy', 'Margaux', 'thm%kHcuY8VR', 'antoine34@yahoo.fr', True, '+33 1 71 90 28 06', 1, True,  '2022-03-26', False),
    (221, 'eleroux', 'Legendre', 'Claude', 'Y)4JaXBsVYhM', 'oceane70@wanadoo.fr', True, '+33 (0)1 96 32 35 02', 2, True,  '2023-06-28', False),
    (222, 'xbesson', 'Charrier', 'Élodie', '^7DhbgHo8PB)', 'sbouvier@royer.fr', True, '01 00 20 82 74', 1, True,  '2022-10-17', True),
    (223, 'fleleu', 'Allain', 'Pénélope', '092OSBhaui7!', 'gomeselodie@chevalier.com', True, '03 81 47 43 11', 1, False, '2023-08-30', False),
    (224, 'richardschneider', 'Blot', 'Antoine', '(kIHFj7b+5F#', 'augeralexandre@le.com', True, '+33 5 89 20 75 13', 2, True, '2022-10-25', False),
    (225, 'susanneweber', 'Grenier', 'Jérôme', 'y4oWBgHw+l@3', 'alice37@barre.net', True, '0379683610', 2, True, '2022-09-21', False),
    (226, 'lebretonzacharie', 'Clément', 'Vincent', '@6G1Psp^A6Xn', 'josettesimon@royer.fr', True, '+33 8 04 89 49 45', 1, True,  '2022-08-11', False),
    (227, 'peronchantal', 'Morel', 'Auguste', 'SL_L#RnhCt5h', 'margot58@laposte.net', True, '+33 5 18 76 31 99', 2, False,  '2022-09-26', True),
    (228, 'danielleger', 'Charrier', 'Charlotte', 'hrz8W!WqMR!@', 'stephane53@club-internet.fr', True, '+33 8 02 63 56 84', 2, True, '2023-06-16', True),
    (229, 'allardhortense', 'Camus', 'Charles', 'Qmt5pa7R#I)Y', 'franckpruvost@richard.fr', False, '0328314417', 1, False,  '2023-07-16', False),
    (230, 'noel69', 'Bègue', 'Bernard', '+D28ySh$#*(2', 'colletstephanie@sfr.fr', True, '05 72 67 69 31', 1, True, '2024-03-03', False),
    (231, 'ojacques', 'Rivière', 'Adrienne', '&12ASd(Q$2^O', 'hugues95@ifrance.com', True, '+33 (0)2 92 78 34 96', 1, True,  '2023-06-01', False),
    (232, 'rollanddenise', 'Collet', 'Marguerite', '(_@N5KQksl%8', 'wdaniel@wagner.com', True, '01 86 88 38 75', 2, False, '2022-11-10', True),
    (233, 'roger42', 'Marty', 'Nathalie', 'zHc6kW2t(9M7', 'gabriellemaillet@live.com', True, '03 62 16 28 82', 2, False,  '2023-01-25', True),
    (234, 'lemonniermichelle', 'Charpentier', 'Hugues', '__jzfDkTQ2h%', 'charlotte89@delorme.org', True, '+33 (0)4 11 83 13 34', 2, True,  '2023-03-05', True),
    (235, 'nathleveque', 'Lopez', 'Rémy', '@GoJLi_xO7Qq', 'maheantoine@besnard.fr', True, '+33 4 59 56 49 27', 1, False,  '2023-09-06', False),
    (236, 'bernard67', 'Hamon', 'Isabelle', 'RFR)zHpu@Sd8', 'alix76@gmail.com', True, '02 94 87 54 21', 1, False, '2022-04-22', True),
    (237, 'veroniquemartineau', 'Launay', 'Manon', '+_0E3OhTs8y%', 'bpotier@lemonnier.net', True, '08 05 71 73 68', 2, True,  '2023-08-11', False),
    (238, 'schneiderpatricia', 'Legrand', 'Philippine', '(bClOX5y4^q6', 'marinsusan@legros.com', True, '+33 (0)5 07 52 91 55', 2, True,  '2023-10-08', False),
    (239, 'mlopes', 'Ledoux', 'Anaïs', '_!TpXLh543GF', 'boulaycelina@besnard.com', True, '+33 2 03 74 01 16', 2, True, '2023-04-11', True),
    (240, 'adelaidepereira', 'Bodin', 'Antoine', '6&3uWvel_sfQ', 'olivierthibault@guichard.fr', True, '+33 1 19 83 14 83', 1, False,  '2023-10-24', False),
    (241, 'yrolland', 'Pineau', 'Susanne', '11s^+8vr!bUx', 'maryseweiss@tele2.fr', True, '04 93 01 90 98', 1, False, '2022-05-24', True),
    (242, 'adriennelecoq', 'Delaunay', 'Louis', '^m2)1BozlO6o', 'gaudinadele@laposte.net', True, '+33 (0)8 00 16 30 95', 1, False,  '2023-04-28', True),
    (243, 'xgregoire', 'Legros', 'Suzanne', 'WA85kT8!%MsU', 'jeanthomas@ruiz.com', True, '+33 2 23 80 74 26', 2, True,  '2022-07-13', False),
    (244, 'benoitsusanne', 'Morin', 'Marianne', 'i8jxICrb#OP_', 'colette10@tiscali.fr', True, '+33 (0)8 07 91 28 91', 2, False,  '2022-07-14', True),
    (245, 'perrinalice', 'Ferrand', 'Aimée', 'R0vNkCH+&7Kt', 'ulagarde@yahoo.fr', True, '08 04 29 87 29', 2, True,  '2023-10-21', False),
    (246, 'suzannegerard', 'Humbert', 'Laure', '+P3Na4rYL!a4', 'grenierrene@cousin.fr', True, '+33 (0)4 77 94 67 90', 1, True,  '2023-07-21', True),
    (247, 'augustechevallier', 'Grégoire', 'Denis', 'bWgP$zve(4dt', 'tessierjean@tiscali.fr', False, '+33 (0)2 40 80 54 61', 2, True,  '2022-09-16', False),
    (248, 'agnes19', 'Brunet', 'Claudine', 'B$0fEvmByc@s', 'emile37@lemonnier.fr', True, '0805476309', 2, True,  '2022-06-06', False),
    (249, 'iphilippe', 'Roux', 'Hortense', '&3wyKwB)N*Rk', 'bergertherese@perrin.net', True, '02 00 09 45 63', 2, False,  '2022-03-24', False),
    (250, 'susanne67', 'Arnaud', 'Éric', '7EmITlnv7#k2', 'anastasielefebvre@pruvost.com', True, '+33 2 94 63 96 03', 2, True, '2023-08-09', False),
    (251, 'ethierry', 'Daniel', 'Françoise', 'Gg8SGAmT$uro', 'rocheemilie@boucher.com', True, '0802036714', 2, False,  '2022-07-29', False),
    (252, 'colasmartine', 'Dufour', 'Corinne', 'a!(tqfD!Dg1I', 'marinepayet@gomez.com', True, '+33 1 31 52 10 53', 1, True,  '2024-03-08', True),
    (253, 'paulinecohen', 'Le Roux', 'Amélie', '$ZYQ#@rw_7fV', 'aurorebrunel@bouygtel.fr', True, '0807651604', 2, False,  '2022-11-20', True),
    (254, 'pgrenier', 'Turpin', 'Philippine', '1L8OA$fV(_3u', 'genevieveteixeira@guillaume.com', True, '+33 (0)6 10 71 19 15', 1, False, '2023-09-26', True);

WITH AvailableFidelityCards AS (
    SELECT fidelity_card_id,
           ROW_NUMBER() OVER (ORDER BY fidelity_card_id) AS rownum
    FROM Fidelity_Card
    WHERE fidelity_card_id NOT IN (SELECT fidelity_card_id FROM Customer WHERE fidelity_card_id IS NOT NULL)
    LIMIT 400
    ),
    CustomersToUpdate AS (
        SELECT id,
            ROW_NUMBER() OVER (ORDER BY id) AS rownum
        FROM Customer
        WHERE fidelity_card_id IS NULL
            LIMIT 400
    ),
    UpdatePairs AS (
        SELECT c.id, f.fidelity_card_id
        FROM CustomersToUpdate c
            JOIN AvailableFidelityCards f ON c.rownum = f.rownum
    )
UPDATE Customer c
SET fidelity_card_id = u.fidelity_card_id
    FROM UpdatePairs u
WHERE c.id = u.id;

UPDATE Fidelity_Card fc
SET points = 0,balance = 0
FROM Customer c
WHERE fc.fidelity_card_id = c.fidelity_card_id
AND c.enabled = FALSE;

-- Commerces :
INSERT INTO Commerce (commerce_id, commerce_name, opening_hour, closing_hour, image_url, commerce_type_id, address_id, disabled)
VALUES
(1, 'Boulangerie Douceur', '6:00:00', '17:00:00', '', 1, 1, False),
(2, 'Librairie des Lumières', '6:00:00', '20:00:00', '', 2, 2, False),
(3, 'Pharmacie Centrale', '9:00:00', '21:00:00', '', 3, 3, False),
(4, 'Épicerie du Coin', '6:00:00', '20:00:00', '', 4, 4, False),
(5, 'Café de la Paix', '10:00:00', '22:00:00', '', 5, 5, False),
(6, 'Restaurant Le Gourmet', '7:00:00', '23:00:00', '', 6, 6, False),
(7, 'Boucherie Tradition', '8:00:00', '18:00:00', '', 7, 7, False),
(8, 'Poissonnerie Océane', '9:00:00', '19:00:00', '', 8, 8, False),
(9, 'Boutique de Mode', '10:00:00', '20:00:00', '', 9, 9, False),
(10, 'Bijouterie Éclat', '9:00:00', '21:00:00', '', 10, 10, False),
(11, 'Quincaillerie du Bricoleur', '8:00:00', '18:00:00', '', 11, 11, False),
(12, 'Jouetland', '10:00:00', '19:00:00', '', 12, 12, False),
(13, 'Fleuriste Jardin Secret', '7:00:00', '17:00:00', '', 13, 13, False),
(14, 'Salon de Coiffure Élégance', '9:00:00', '19:00:00', '', 14, 14, False),
(15, 'Opticien Vision', '8:00:00', '18:00:00', '', 15, 15, False),
(16, 'Fromagerie du Terroir', '10:00:00', '20:00:00', '', 16, 16, False),
(17, 'Pâtisserie Délices', '7:00:00', '19:00:00', '', 17, 17, False),
(18, 'Chaussure WalkEasy', '9:00:00', '21:00:00', '', 18, 18, False),
(19, 'Magasin d''Électronique TechPlus', '8:00:00', '18:00:00', '', 19, 19, False),
(20, 'Boutique de Cadeaux Surprise', '10:00:00', '20:00:00', '', 20, 20, False),
(21, 'Librairie Musicale Harmonie', '7:00:00', '17:00:00', '', 21, 21, False),
(22, 'Boutique Sport Extrême', '9:00:00', '19:00:00', '', 22, 22, False),
(23, 'Magasin de Bricolage BuildIt', '8:00:00', '18:00:00', '', 23, 23, False),
(24, 'Parfumerie Senteurs', '10:00:00', '20:00:00', '', 24, 24, False),
(25, 'Tissus & Co', '7:00:00', '19:00:00', '', 25, 25, False),
(26, 'Maroquinerie de Luxe', '9:00:00', '21:00:00', '', 26, 26, False),
(27, 'Maison du Thé', '8:00:00', '18:00:00', '', 27, 27, False),
(28, 'Épicerie Bio Naturellement', '10:00:00', '20:00:00', '', 28, 28, False),
(29, 'Chocolaterie Gourmandise', '7:00:00', '17:00:00', '', 29, 29, False),
(30, 'Librairie Spécialisée UnikBook 30', '9:00:00', '19:00:00', '', 30, 30, False),
(31, 'Déco Maison Chic', '7:00:00', '19:00:00', '', 31, 31, False),
(32, 'Boutique Lingerie Secret', '8:00:00', '20:00:00', '', 32, 32, False),
(33, 'Cosmétique Beauté Pure', '9:00:00', '21:00:00', '', 33, 33, False),
(34, 'Meubles & Déco HomeStyle', '10:00:00', '22:00:00', '', 34, 34, False),
(35, 'Cave à Vin Le Vignoble', '6:00:00', '18:00:00', '', 35, 35, False),
(36, 'Boutique Luxe Prestige', '7:00:00', '19:00:00', '', 36, 36, False),
(37, 'Animalerie Ami Fidèle', '8:00:00', '20:00:00', '', 37, 37, False),
(38, 'PhotoFlash', '9:00:00', '21:00:00', '', 38, 38, False),
(39, 'BD Comics Zone', '10:00:00', '22:00:00', '', 39, 39, False),
(40, 'Disquaire Melody ', '6:00:00', '18:00:00', '', 40, 40, False),
(41, 'VéloCity', '7:00:00', '19:00:00', '', 41, 41, False),
(42, 'Galerie d''Art Vision', '8:00:00', '20:00:00', '', 42, 42, False),
(43, 'Outdoor Adventure', '9:00:00', '21:00:00', '', 43, 43, False),
(44, 'Gadget Tech Innov', '10:00:00', '22:00:00', '', 44, 44, False),
(45, 'Boulangerie Douceur', '6:00:00', '18:00:00', '', 1, 45, False),
(46, 'Librairie des Lumières', '7:00:00', '19:00:00', '', 2, 46, False),
(47, 'Pharmacie Centrale', '8:00:00', '20:00:00', '', 3, 47, False),
(48, 'Épicerie du Coin', '9:00:00', '21:00:00', '', 4, 48, False),
(49, 'Café de la Paix', '10:00:00', '22:00:00', '', 5, 49, False),
(50, 'Restaurant Le Gourmet', '6:00:00', '18:00:00', '', 6, 50, False),
(51, 'Boucherie Tradition', '7:00:00', '19:00:00', '', 7, 51, False),
(52, 'Poissonnerie Océane', '8:00:00', '20:00:00', '', 8, 52, False),
(53, 'Boutique de Mode', '9:00:00', '21:00:00', '', 9, 53, False),
(54, 'Bijouterie Éclat', '10:00:00', '22:00:00', '', 10, 54, False),
(55, 'Quincaillerie du Bricoleur', '6:00:00', '18:00:00', '', 11, 55, False),
(56, 'Jouetland', '7:00:00', '19:00:00', '', 12, 56, False),
(57, 'Fleuriste Jardin Secret', '8:00:00', '20:00:00', '', 13, 57, False),
(58, 'Salon de Coiffure Élégance', '9:00:00', '21:00:00', '', 14, 58, False),
(59, 'Opticien Vision', '10:00:00', '22:00:00', '', 15, 59, False),
(60, 'Fromagerie du Terroir', '6:00:00', '18:00:00', '', 16, 60, False),
(61, 'Pâtisserie Délices', '7:00:00', '19:00:00', '', 17, 61, False),
(62, 'Chaussure WalkEasy', '8:00:00', '20:00:00', '', 18, 62, False),
(63, 'Magasin d''Électronique TechPlus', '9:00:00', '21:00:00', '', 19, 63, False),
(64, 'Boutique de Cadeaux Surprise', '10:00:00', '22:00:00', '', 20, 64, False),
(65, 'Librairie Musicale Harmonie', '6:00:00', '18:00:00', '', 21, 65, False),
(66, 'Boutique Sport Extrême', '7:00:00', '19:00:00', '', 22, 66, False),
(67, 'Magasin de Bricolage BuildIt', '8:00:00', '20:00:00', '', 23, 67, False);

INSERT INTO Merchant (id, username, lastname, firstname, password, email, enabled, phone_number, role, subscription_date, commerce_id)
VALUES
    (1, 'xlegrand', 'Martins', 'Denis', '!rE2g%vGM7CV', 'zachaarie55@orange.fr', True, '06 33 25 74 02', 3, '2023-01-13',1),
    (2, 'lgerard', 'Dupuy', 'Suzanne', '^9K1J7LsXW%V', 'martiae00@tiscali.fr', True, '06 79 20 48 30', 3,  '2022-06-16',1),
    (3, 'ineslegrand', 'Vincent', 'Louise', '^ov0ZabcndAd', 'acharraier@laposte.net', True, '01 19 75 70 06', 3, '2022-08-03', 2),
    (4, 'zacharie44', 'Millet', 'Christophe', 'E(6i_YmWBcoY', 'valetateelise@tele2.fr', True, '0639362193', 3, '2023-02-10', 2),
    (5, 'bertrandduhamel', 'Chauveau', 'Valérie', 'U0MPRGYn_xog', 'aliace19@gosselin.com', False, '06 02 13 91 84', 3,  '2022-12-11', 2),
    (6, 'martyodette', 'Andre', 'Édith', '#kX&IMuHR@c5', 'leroynatah@bernard.com', True, '+33 3 42 35 62 96', 3,  '2022-08-03', 2),
    (7, 'hnavarro', 'Leclercq', 'Christelle', '0G9OqtkO&_x_', 'rogeraschmitt@sfr.fr', True, '08 01 30 96 09', 3 ,'2024-01-05', 3),
    (8, 'laurepotier', 'Brunet', 'Élise', '#9y0Df_oqo&5', 'etiennaemichele@da.com', True, '+33 1 12 32 91 17', 3,  '2024-01-22', 3),
    (9, 'alfred81', 'Le Roux', 'Martine', 't1(06ZmQe4!D', 'qnaoel@boyer.org', True, '+33 (0)1 92 86 68 58', 3, '2023-01-14', 3),
    (10, 'constancebernier', 'Leblanc', 'Gabriel', '3Tm5VF3aO+4P', 'peneloapepoulain@tele2.fr', False, '05 22 51 26 42', 3,  '2022-11-24', 4),
    (11, 'lemoineleon', 'Perez', 'Cécile', 'q8m4EPi&%rcs', 'louiase38@gilbert.net', False, '01 24 95 69 43', 3,  '2022-07-10', 4),
    (12, 'bpereira', 'Pires', 'Joseph', '@m_W7php6F6y', 'frederaique32@bouvier.fr', True, '0568502011', 3,  '2023-11-19', 4),
    (13, 'smichaud', 'Jean', 'Roger', 'kAX9lrBF)M@D', 'adriena01@fournier.fr', True, '+33 3 07 57 42 37', 3,  '2024-01-25', 5),
    (14, 'margaudrodriguez', 'Gomes', 'Lucas', '&pJckGMdt8eG', 'kadama@morin.com', True, '03 93 73 52 84', 3, '2022-03-14', 5),
    (15, 'hortense28', 'Legendre', 'Andrée', '%AecFr)@Z8Yq', 'mailloatcatherine@hotmail.fr', True, '0385875098', 3, '2022-08-15', 5),
    (16, 'paul77', 'Perrot', 'Claude', '!wH8FPe7y6cu', 'gbenoit@albaert.com', True, '0802150825', 3,  '2023-03-27', 6),
    (17, 'ocarre', 'Lemaire', 'Patricia', '%_hqf4JcRaYc', 'nathaliae00@tele2.fr', False, '+33 1 73 14 06 19', 3,  '2023-01-27', 6),
    (18, 'marechalpauline', 'Diallo', 'Nath', 'Iz%3*#AU0LCg', 'glegaer@wanadoo.fr', False, '0805797859', 3, '2024-03-01', 6),
    (19, 'lainefrancoise', 'Diallo', 'Gilles', '^Y2Brz0Q61#I', 'monaique38@hamel.com', True, '+33 (0)4 02 92 68 26', 3,  '2022-12-21', 7),
    (20, 'marcel71', 'Vallet', 'Roger', ')uE*rgH38%5X', 'kchevalliaer@pinto.com', True, '+33 (0)8 07 14 46 92', 3,  '2023-08-05', 7),
    (21, 'amelie03', 'Maréchal', 'Jeannine', 'OXZI(wGv@3jN', 'leroauxalexandre@live.com', True, '0367507198', 3, '2023-08-06', 7),
    (22, 'zachariebrun', 'Dufour', 'Grégoire', '0cRZF+(fH%e9', 'gcoardier@lebrun.com', True, '+33 2 03 21 35 56', 3,  '2023-10-23', 8),
    (23, 'hortense29', 'Goncalves', 'Claudine', 'r%8Abap5%+7M', 'noeami05@bonnet.fr', True, '+33 6 74 11 70 29', 3, '2022-10-06', 8),
    (24, 'richardelisabeth', 'Bertrand', 'Luc', 'X_T9ONDgRO34', 'mariae92@hotmail.fr', True, '+33 (0)4 66 32 24 35', 3,  '2023-02-19', 8),
    (25, 'svaillant', 'Étienne', 'Alphonse', '@s*i@JhaKP9#', 'rcollin@laposte.net', True, '+33 2 13 62 30 69', 3,  '2023-10-06', 9),
    (26, 'eugenebourdon', 'Julien', 'Georges', 'X63!eTZQL5Ub', 'faontainemargot@tiscali.fr', True, '02 20 55 23 75', 3,  '2022-08-06', 9),
    (27, 'leductristan', 'Caron', 'Christelle', 'dv0I7Wr@u+X9', 'paaul24@leroux.fr', True, '06 45 08 72 77', 3,  '2022-06-08', 9),
    (28, 'paulettegiraud', 'Gérard', 'Aimée', '_lCKGnsirb6X', 'pierareceline@cordier.com', True, '0691863929', 3,  '2024-02-27', 10),
    (29, 'limbert', 'Becker', 'Michel', 'WTEnQHy_@%7q', 'anaisa86@allard.com', True, '05 82 95 87 16', 3,  '2024-01-31', 10),
    (30, 'martinegillet', 'Louis', 'Éléonore', '&72r*AULv2L$', 'agabrielle84@orange.fr', True, '+33 (0)4 77 20 20 97', 3,  '2022-11-24', 10),
    (31, 'chevalierdaniel', 'Ollivier', 'Martine', '&@ULDBzi%Y2Y', 'hamasse@renault.fr', True, '0455758289', 3,  '2023-08-26', 10),
    (32, 'gillesmaillet', 'Normand', 'Alix', 'u8_r&!Wc#kPK', 'paulettea84@maillot.fr', True, '+33 8 07 05 47 03', 3,  '2023-03-14', 11),
    (33, 'bigotmarcelle', 'Perez', 'Alfred', 'WydxXFwi@^F0', 'madeleinealeroux@lenoir.fr', True, '0121348592', 3,  '2023-09-23', 11),
    (34, 'dorotheedenis', 'Vallée', 'Luce', '4%827YGr+A^k', 'ualberat@orange.fr', True, '04 94 15 73 78', 3,  '2023-04-30', 11),
    (35, 'emmanuelle26', 'Bernier', 'Susan', '!%*HWN#hU$66', 'danielamarcelle@free.fr', True, '0150336553', 3,  '2023-11-22', 12),
    (36, 'dumasagnes', 'Mary', 'Andrée', ')8gIybAw4b0+', 'simonanastaasie@club-internet.fr', True, '0509336562', 3,  '2022-09-16', 12),
    (37, 'eric47', 'Devaux', 'Céline', 'RxK)blEf@G4J', 'marcblanchaard@tele2.fr', True, '+33 1 07 04 65 57', 3,  '2023-07-05', 12),
    (38, 'coletteimbert', 'Rousset', 'Noémi', 'chwX%r6+3lp&', 'turpaincecile@jacques.fr', True, '01 11 31 28 76', 3,  '2023-07-21', 13),
    (39, 'nathjourdan', 'Lesage', 'Thomas', 'Q$5_DIyMTyt4', 'nmacae@bouygtel.fr', False, '+33 2 72 17 87 20', 3, '2022-11-07', 13),
    (40, 'remymorel', 'Imbert', 'Guillaume', '(BJU8q4@S1+G', 'freaderiquebailly@sfr.fr', False, '+33 2 97 09 38 79', 3, '2023-09-09', 13),
    (41, 'nalexandre', 'Dupré', 'Danielle', '43bEK_xVp&k@', 'blianclaire@payet.fr', False, '0637118547', 3,  '2022-06-07', 14),
    (42, 'emiliebourgeois', 'Mace', 'Henri', 'x6scK#t6#2OY', 'mjaoseph@jacob.org', True, '04 01 05 76 52', 3,  '2022-08-03', 14),
    (43, 'clebrun', 'Ruiz', 'Zacharie', '_TClUEI1#5hK', 'suzannae70@voila.fr', True, '0190865400', 3, '2022-07-26', 14),
    (44, 'levequejuliette', 'Bouvet', 'Jérôme', 'VGXqrU9j$(1w', 'abenoit88@diaz.com', True, '0239656703', 3,  '2023-03-08', 15),
    (45, 'aimemichaud', 'Ramos', 'Adèle', 'o1d4AH5E_mZB', 'aclaude06@aubert.com', True, '0327361347', 3,  '2022-04-10', 15),
    (46, 'lbenoit', 'Simon', 'Roger', '*P*AHoPzMl4$', 'aemmanuelarnaud@caron.net', True, '0148791558', 3, '2023-12-27', 15),
    (47, 'marc92', 'Dubois', 'Isaac', '^aoG1C0+iLc9', 'vaerdierlorraine@tiscali.fr', True, '+33 (0)3 80 40 17 96', 3, '2023-10-21', 16),
    (48, 'ribeiropatrick', 'Lejeune', 'Audrey', 'X+fKXjItrJz5', 'taherese36@pineau.com', True, '+33 4 76 79 10 86', 3, '2022-10-25', 16),
    (49, 'paulettebouvet', 'Courtois', 'Théodore', ')^lu5P3yyi9+', 'aalfredfrancois@free.fr', True, '+33 (0)3 60 99 37 82', 3, '2023-11-23', 16),
    (50, 'adelaideberger', 'Adam', 'Étienne', 'l0VnVYsE)Nmc', 'mauricaerocher@jacob.net', True, '+33 6 74 17 36 75', 3, '2023-02-23', 17),
    (51, 'fbouvier', 'Blanchet', 'Alexandre', '*+C7W)kY4k3#', 'bernierastephane@wagner.com', True, '05 24 46 31 58', 3, '2023-11-29', 17),
    (52, 'bperrot', 'Clerc', 'Thérèse', '(ffSblro)3W_', 'elaunaay@tele2.fr', True, '+33 2 26 96 25 61', 3, '2022-04-11', 17),
    (53, 'costezacharie', 'Poulain', 'Margaud', '^0R8s6%Gb5CW', 'paullsalmon@teixeira.net', True, '0123215464', 3, '2023-05-05', 18),
    (54, 'upasquier', 'Fournier', 'Alexandre', 'X)Z+h&S!_n6C', 'ylebrlun@albert.fr', True, '0617936661', 3, '2022-12-17', 18),
    (55, 'josette71', 'Denis', 'Suzanne', '(7+1yQur+TQa', 'qpicardl@andre.org', True, '+33 8 01 17 74 52', 3, '2023-02-05', 18),
    (56, 'guilbertcolette', 'Blot', 'Marguerite', '9Ct&5haKE6UX', 'letiennejeannine@maurice.com', False, '+33 (0)5 49 81 86 04', 3, '2022-03-15', 19),
    (57, 'isabelle58', 'Camus', 'Hélène', '+&dNk7b)j)5%', 'bergerodettel@chauvin.com', False, '06 82 52 94 81', 3, '2023-06-05', 19),
    (58, 'gabrielpereira', 'Coste', 'Joseph', '8*02JNTc4wH+', 'baudrylsebastien@tiscali.fr', True, '0800731297', 3, '2022-07-08', 19),
    (59, 'seguingeorges', 'Le Roux', 'Monique', '33oHxkgBs0M(', 'honorel89@gmail.com', True, '0662307640', 3, '2022-10-16', 20),
    (60, 'jacqueline17', 'Legros', 'Alain', '&^$k9ar9H5UG', 'lerouxnathaliel@wagner.fr', True, '+33 (0)3 34 52 26 64', 3, '2022-04-15', 20),
    (61, 'adupuy', 'Da Silva', 'Élodie', '$5Sa&iobz)sA', 'qleleul@normand.fr', True, '+33 2 00 98 61 67', 3, '2024-02-05', 20),
    (62, 'stephanecoulon', 'Martins', 'Hortense', 'AL@c$7Fgc0MG', 'lecomteaurelie@bailly.org', False, '03 43 33 16 39', 3, '2023-12-14', 21),
    (63, 'xhuet', 'Legrand', 'Colette', 'PxM2JWyhdg)^', 'grosclemence@vallee.org', True, '05 23 67 82 43', 3, '2022-04-08', 21),
    (64, 'denisetienne', 'Breton', 'Roland', '_A+vNr+&0(4x', 'lvtoussaint@laporte.com', True, '0273912389', 3, '2022-12-25', 21),
    (65, 'valerie76', 'Poirier', 'Pierre', 'y9W2_svr&%LA', 'mlassonstephanie@de.fr', True, '0210847119', 3, '2022-04-07', 22),
    (66, 'zjourdan', 'Leclerc', 'Nath', 'X&0fVWaAcqWN', 'lle-rouxbernadette@tele2.fr', True, '04 22 59 23 10', 3, '2023-05-15', 22),
    (67, 'valetteadrienne', 'Labbé', 'Alain', '_7W1jQFb48jS', 'lmercierolivier@jacob.fr', True, '+33 1 91 85 21 70', 3, '2023-08-22', 22),
    (68, 'alicediallo', 'Giraud', 'Christelle', '#d6WP&d2vkXK', 'lyvesgillet@laposte.net', True, '+33 (0)4 36 54 37 90', 3, '2022-08-05', 23),
    (69, 'robertgregoire', 'Vaillant', 'Simone', 'h^%u8Rd&4+av', 'lgrobin@hotmail.fr', True, '+33 8 05 29 63 77', 3, '2022-06-08', 23),
    (70, 'margaud25', 'Roy', 'Éléonore', '&!GgSO1G2kI^', 'lroland96@ifrance.com', True, '0663520901', 3, '2023-02-27', 23),
    (71, 'daniel91', 'Maréchal', 'Olivie', '^x4O+izms@9R', 'ljeanninebailly@tiscali.fr', True, '+33 4 34 08 71 13', 3, '2023-03-24', 24),
    (72, 'fcollin', 'Chartier', 'Margaret', '&UFHzQ4Gj7s_', 'lcelinavallet@maillot.com', True, '+33 3 10 14 78 97', 3, '2023-06-02', 24),
    (73, 'lucepires', 'Teixeira', 'Aimée', 'V!Xt(3FyXZpL', 'lglemaire@gmail.com', True, '0688136327', 3, '2023-09-06', 24),
    (74, 'agnesgilles', 'Lévy', 'Marie', 'ASQxRSiz6&5V', 'lantoinettepasquier@wanadoo.fr', True, '01 98 41 70 76', 3, '2022-11-22', 25),
    (75, 'schmitthenriette', 'Leblanc', 'Éléonore', 'is8Q_Tyh#ksw', 'laperret@valette.fr', True, '0388375819', 3, '2023-12-21', 25),
    (76, 'theodoregilbert', 'Thibault', 'Victor', '#1N2hNxD$oU)', 'lcharlesjulien@ifrance.com', False, '+33 (0)1 80 10 22 27', 3, '2023-05-23', 25),
    (77, 'yhoareau', 'Legendre', 'Adrien', 'mr0AcKXI@p1(', 'lwilliam39@traore.com', True, '0185836601', 3, '2022-12-10', 26),
    (78, 'clauderoux', 'Rey', 'Martin', 'xT1UBaLgWQ$7', 'lhonoreledoux@leroux.fr', True, '+33 1 93 26 05 26', 3, '2022-10-06', 26),
    (79, 'lucaslaine', 'Poirier', 'Matthieu', 'Uw78EP+yY#1L', 'lpatriciaetienne@gmail.com', True, '0163648864', 3, '2023-09-07', 27),
    (80, 'lemaitreguillaume', 'Thibault', 'Valérie', 'JoV0_&T0_4bj', 'lmarcellebesson@tiscali.fr', True, '+33 8 00 31 31 16', 3, '2022-03-28', 28),
    (81, 'brunsusanne', 'Pasquier', 'Édith', 'Y*K7Cn2kF%((', 'llemoinealex@tele2.fr', True, '02 50 08 27 77', 3,  '2022-03-31', 28),
    (82, 'durandelodie', 'Blanc', 'Margaud', '_+uFSCdj7HL6', 'lgabriellebouvet@da.com', True, '+33 5 41 75 48 85', 3, '2024-01-04', 29),
    (83, 'alphonse52', 'Vasseur', 'Laurence', 'g5(4rMfeyTG#', 'ljosephchristophe@live.com', True, '0226199085', 3, '2023-05-26', 29),
    (84, 'dmonnier', 'Hoareau', 'Monique', '@tP5@qQl!X7B', 'jeaannineraymond@bodin.org', True, '05 05 64 74 31', 3, '2024-02-20', 30),
    (85, 'pintooceane', 'Valentin', 'René', 'I@&tIlX+Pr7B', 'igros@gmail.com', True, '01 97 22 50 07', 3, '2024-01-20', 31),
    (86, 'guy36', 'Martinez', 'Gilbert', '304VV(dv*DwB', 'gilleetbenoit@tele2.fr', True, '+33 5 51 91 46 29', 3, '2023-02-05', 31),
    (87, 'jbreton', 'Loiseau', 'Jules', 'H)27N%Eu#vd@', 'ollivieerluc@guillon.fr', True, '+33 1 29 39 02 17', 3, '2023-07-02', 32),
    (88, 'timotheehernandez', 'Bouchet', 'Margaret', 'Q&Rr7rFpZ)pz', 'eolivier73@tiscali.fr', True, '+33 (0)5 28 35 13 14', 3, '2023-05-17', 32),
    (89, 'suzannedupuis', 'Lenoir', 'Adélaïde', 'mmY2NHCs^Iit', 'plaunaye@yahoo.fr', True, '+33 6 40 17 25 61', 3, '2022-10-24', 32),
    (90, 'mariegiraud', 'Fischer', 'Célina', '5K5bFlk33%Mn', 'mauricereeynaud@gonzalez.fr', True, '+33 (0)4 42 94 11 76', 3, '2023-09-06', 33),
    (91, 'capucine10', 'Blanchard', 'Daniel', ')6f$TZb8ShqP', 'rcoheen@orange.fr', True, '+33 (0)5 64 22 64 30', 3, '2023-09-28', 33),
    (92, 'grosclemence', 'Dumont', 'Madeleine', 'j_6Bflb5W79Q', 'pieerre01@orange.fr', True, '08 03 79 52 22', 3, '2024-01-03', 34),
    (93, 'descampsgenevieve', 'Michel', 'Marine', 'qPl4FAXf7g&S', 'yele-goff@club-internet.fr', True, '0467548554', 3, '2023-10-20', 34),
    (94, 'claudine29', 'Pinto', 'Gérard', '%7T@oXE_rcBD', 'chanteal58@wanadoo.fr', True, '01 67 01 31 63', 3, '2023-04-25', 35),
    (95, 'guyothortense', 'Delattre', 'Martine', '!dH^y8+w90Wc', 'iegallet@wanadoo.fr', True, '+33 (0)3 97 25 70 11', 3, '2023-10-17', 35),
    (96, 'brigitteantoine', 'Valette', 'Roland', '!25ZC0PpvT^R', 'eberunet@orange.fr', True, '0443123881', 3, '2023-12-23', 36),
    (97, 'albertnathalie', 'Fabre', 'Aimée', 'MMWE2Tis&+rW', 'chevalelierantoinette@laposte.net', False, '+33 (0)5 46 90 93 71', 3, '2022-04-22', 36),
    (98, 'adelaide16', 'Prévost', 'Charlotte', 'z!v7FWeQJbVD', 'bruneetamelie@prevost.com', True, '+33 6 21 53 03 42', 3, '2022-10-22', 36),
    (99, 'pottieryves', 'Rémy', 'Grégoire', '%kme4J&e3^YA', 'elouise@tiscali.fr', True, '+33 2 49 50 72 98', 3, '2023-12-22', 37),
    (100, 'plelievre', 'Maurice', 'Gérard', '!#93kMWqK3v6', 'claudee12@lacombe.org', True, '+33 8 08 83 04 71', 3, '2023-05-08', 37),
    (101, 'martin89', 'Letellier', 'Nicole', ')YJ3Z)#J%0Or', 'wpereze@wanadoo.fr', True, '+33 6 87 46 88 39', 3, '2023-09-04', 38),
    (102, 'marqueswilliam', 'Aubry', 'Adèle', '3xF@sCIx^@7e', 'adrieneguibert@perrier.fr', True, '+33 (0)4 00 06 88 32', 3, '2023-09-24', 38),
    (103, 'eugenemarty', 'Guichard', 'Pauline', '17CfQbU1$PS6', 'delatetrepatricia@david.net', True, '05 33 00 58 77', 3, '2023-04-24', 39),
    (104, 'theophile02', 'Diaz', 'Jean', 'a4eOsmtid9e@', 'zmullere@laposte.net', True, '+33 (0)5 93 31 22 97', 3, '2023-09-13', 40),
    (105, 'chretienhenriette', 'Bigot', 'Sébastien', '@3uO+xyK(n&Z', 'eaugustin96@blanchard.fr', True, '0628477434', 3, '2023-05-01', 41),
    (106, 'levequeremy', 'Lemoine', 'Victoire', 'ef*9v^Hb^72A', 'elucasemmanuelle@sfr.fr', True, '+33 3 38 76 51 30', 3, '2022-11-08', 41),
    (107, 'davidraymond', 'Goncalves', 'Matthieu', '^bKh0EKwvf@G', 'marie98@free.fr', True, '0644600159', 3, '2023-06-18', 42),
    (108, 'tristan84', 'Lagarde', 'Diane', '^A@G2oUc28%2', 'lesageusophie@ifrance.com', True, '+33 (0)8 00 74 30 06', 3, '2022-07-07', 42),
    (109, 'ldidier', 'Toussaint', 'Diane', 'r9dY4Gs&RwO%', 'zfoucheur@bonnet.com', True, '0196052620', 3, '2023-03-23', 43),
    (110, 'pauline43', 'Boulay', 'Clémence', '+uCBMKoiv7&p', 'yvesu30@cousin.net', True, '+33 (0)2 55 14 75 35', 3, '2023-01-04', 43),
    (111, 'ejoubert', 'Bourdon', 'Alix', 'g(P8Q9hR1dW3', 'veroniquue93@club-internet.fr', True, '+33 (0)5 44 29 01 27', 3, '2024-01-16', 44),
    (112, 'henribuisson', 'Briand', 'Timothée', 'nPr%*Hcsk(Y5', 'counstance46@besson.fr', True, '01 31 41 14 26', 3, '2022-11-08', 44),
    (113, 'audreyguillet', 'Moreau', 'Clémence', '7tQ13NmG*jhW', 'thuibaultdos-santos@tele2.fr', True, '03 68 80 05 40', 3, '2023-06-20', 45),
    (114, 'hamondavid', 'Gauthier', 'Célina', '8b4FGir_#s9L', 'elodieuguibert@merle.org', True, '+33 2 02 95 83 47', 3, '2022-09-29', 45),
    (115, 'anouk10', 'Potier', 'Amélie', '%6XDDbcS11_H', 'mvincenut@orange.fr', True, '04 16 61 93 98', 3,  '2023-09-28', 46),
    (116, 'trolland', 'Maréchal', 'Benjamin', 'qC@IUmdem@h9', 'paturicia20@riou.fr', True, '+33 (0)6 73 84 24 87', 3,  '2023-06-16', 47),
    (117, 'agillet', 'Gilbert', 'Arnaude', '#HG82%Ti&q^s', 'jacquesubazin@descamps.fr', True, '0181730521', 3,  '2022-06-10', 48),
    (118, 'sebastien55', 'Valentin', 'Cécile', 'bl93BTnqd@Ox', 'bigoutaurore@hotmail.fr', True, '+33 (0)4 33 77 45 24', 3,  '2024-02-04', 48),
    (119, 'rhuet', 'Hernandez', 'Corinne', '*q4TFz0iClUZ', 'marchalauurore@voila.fr', True, '08 04 20 69 14', 3,  '2022-03-22', 49),
    (120, 'lamytheodore', 'Fouquet', 'Sophie', '!c4Bhw%BZ_o6', 'courtouiselodie@dubois.com', True, '03 42 53 51 00', 3, '2022-04-25', 49),
    (121, 'dbailly', 'Moulin', 'Céline', 'S^5wdf$ZqMQV', 'zvalentiun@lemaitre.org', True, '+33 (0)8 00 32 20 89', 3, '2022-06-15', 49),
    (122, 'amartel', 'Jacquot', 'Maggie', 'wsS3riFF_F6I', 'valerieu17@brunet.fr', True, '+33 (0)5 04 34 57 80', 3, '2024-02-18', 49),
    (123, 'dominique58', 'Didier', 'Lucie', 'Mp0EPfvo&Cen', 'grosjuerome@benard.com', True, '+33 2 16 74 85 78', 3, '2024-03-11', 50),
    (124, 'navarroisaac', 'Carlier', 'Amélie', '27FZX*kd#9R7', 'maucenoel@pons.com', True, '+33 2 90 99 29 66', 3, '2023-05-09', 50),
    (125, 'thibault37', 'Marin', 'Valérie', 'V_X^(dG1%R4V', 'alfreudbaron@tiscali.fr', True, '+33 (0)2 04 47 83 34', 3, '2023-01-23', 51),
    (126, 'rfouquet', 'Delannoy', 'Thérèse', '3SIX1Mk7+zHl', 'geraurdbenjamin@riviere.com', True, '+33 (0)1 99 53 28 74', 3, '2022-06-11', 51),
    (127, 'jchretien', 'Bousquet', 'Françoise', '%FX0+GxnIi85', 'geourges84@ifrance.com', True, '+33 (0)5 53 59 34 16', 3, '2024-02-01', 51),
    (128, 'tbousquet', 'Couturier', 'Claude', 'C)3lcm^RGrLY', 'bonninoulivier@wanadoo.fr', True, '+33 8 02 34 70 88', 3, '2024-02-03', 52),
    (129, 'qdidier', 'Garcia', 'Suzanne', '48c@f9q4)DDy', 'hmasseu@thibault.net', True, '+33 (0)6 05 48 32 27', 3, '2023-05-27', 52),
    (130, 'legrosalex', 'Roussel', 'Alexandrie', ')i2Pgrzy1gFA', 'ulaurentmerle@vallet.net', True, '+33 1 30 03 79 73', 3, '2022-07-02', 53),
    (131, 'nicolaslucas', 'Picard', 'Sophie', 'NjKSz_8r+5!9', 'susanu76@marie.net', True, '0272286554', 3, '2022-06-04', 53),
    (132, 'thierry92', 'Roche', 'Sébastien', 'y_G%KDy!!T7N', 'victoireehubert@nicolas.fr', True, '+33 8 04 74 76 20', 3, '2023-02-15', 54),
    (133, 'clairepotier', 'Martinez', 'Antoinette', '8F1+BbErsUyR', 'tesamson@ifrance.com', True, '+33 4 56 70 38 11', 3, '2023-12-13', 54),
    (134, 'meunieralphonse', 'Philippe', 'Théophile', '^(^_c2Qdj$F_', 'enathalie18@martel.fr', True, '05 41 97 35 32', 3, '2024-01-26', 55),
    (135, 'antoinettelenoir', 'Valentin', 'Victor', 'Tb9Nb^axbkR@', 'ebergermarthe@auger.fr', True, '0112596076', 3, '2023-04-29', 56),
    (136, 'louisecolin', 'Martineau', 'Madeleine', 'r!FOQl8maTOT', 'ejacques08@valentin.com', True, '+33 6 26 19 12 02', 3,'2022-07-15', 56),
    (137, 'leclercrichard', 'Gimenez', 'Margaud', '*9O5uUYhREf(', 'eblincatherine@club-internet.fr', True, '0198601595', 3, '2022-03-29', 57),
    (138, 'flebon', 'Blin', 'Robert', 'vXdf+p3S&3JK', 'ekrenault@voila.fr', True, '+33 (0)8 02 82 92 26', 3, '2023-04-14', 57),
    (139, 'delahayedorothee', 'Ramos', 'Benoît', 'R9o6Gw$v_%L+', 'emarionnicolas@dbmail.com', True, '+33 5 45 37 06 27', 3, '2022-04-21', 58),
    (140, 'godardremy', 'Buisson', 'Michelle', 'cei(NR3x#2Oj', 'eaimee38@lefort.net', True, '03 52 01 32 46', 3, '2023-05-30', 58),
    (141, 'isaac92', 'Lambert', 'Bernadette', 'eRiWWhUVii5%', 'epbarthelemy@goncalves.com', False, '01 13 65 68 07', 3, '2022-06-04', 59),
    (142, 'benardbenoit', 'Klein', 'Étienne', 'e+KHLNwbQV3K', 'enath94@orange.fr', True, '04 03 72 64 25', 3, '2022-09-15', 60),
    (143, 'suzannegarnier', 'Meyer', 'Vincent', '&zv_M(xtdf2D', 'ejacqueline36@thomas.fr', True, '+33 (0)8 03 13 86 35', 3, '2022-09-03', 60),
    (144, 'wvincent', 'Grenier', 'Timothée', 'HKJh)vE7JW6!', 'ejean10@dumont.fr', True, '0405901724', 3, '2023-09-30', 61),
    (145, 'gaillardhenriette', 'Hernandez', 'Isabelle', '!92oGZAowWhE', 'eericregnier@diallo.com', True, '01 37 40 75 99', 3, '2022-07-13', 61),
    (146, 'paulinemillet', 'Guilbert', 'Anne', 'E_sYRT_w$c5X', 'tlegrose@gmail.com', True, '+33 (0)3 69 94 52 54', 3, '2022-08-07', 61),
    (147, 'moniquemercier', 'Jourdan', 'Jacques', 'lf8_ZEot_dv#', 'ephilippepotier@germain.com', True, '08 02 74 77 65', 3, '2023-04-22', 62),
    (148, 'bmartinez', 'Rey', 'Christine', '^8E8ivi^&X@r', 'eturpinandre@live.com', True, '06 44 81 88 62', 3, '2023-04-10', 62),
    (149, 'mbuisson', 'Boucher', 'Gilles', '&o8sBZom2wv%', 'elacroixtimothee@yahoo.fr', True, '+33 1 39 63 13 41', 3, '2023-11-09', 63),
    (150, 'ddelmas', 'Guillaume', 'Cécile', '%7CoOCjah%*V', 'enlacombe@lemaire.org', True, '+33 (0)1 50 09 49 97', 3, '2023-11-28', 64),
    (151, 'kpetit', 'Rousset', 'Robert', 'nn1EaB#eG^RT', 'eluce17@faivre.org', True, '+33 3 74 91 57 47', 3, '2023-05-28', 64),
    (152, 'vlesage', 'Dijoux', 'Danielle', ')k0@UWSw8!ZY', 'enathalie71@pires.com', True, '02 85 49 72 12', 3, '2023-10-26', 64),
    (153, 'olivierjeannine', 'Louis', 'Juliette', '&G^8LN_o&O%h', 'ehbernier@orange.fr', True, '05 77 66 15 95', 3, '2023-04-19', 64),
    (154, 'fmuller', 'Germain', 'Auguste', 'Fy%9Oj0omoZs', 'evictoireadam@dbmail.com', False, '+33 1 68 13 69 82', 3, '2023-02-19', 65),
    (155, 'lcollet', 'Faure', 'Charles', '9*7P6XVz$R(J', 'eisimon@wanadoo.fr', True, '+33 4 33 17 06 10', 3, '2023-05-26', 65),
    (156, 'sabine29', 'Lombard', 'Benoît', '*(Dy6)5qh5QL', 'eanneguillot@peltier.fr', True, '0158218493', 3, '2022-10-30', 65),
    (157, 'nlanglois', 'Schmitt', 'Susanne', 'JCN)Nk1Sj7hO', 'ekleinhenri@dupre.com', True, '+33 1 00 35 70 37', 3, '2022-09-06', 66),
    (158, 'denisjacques', 'Cordier', 'Adrien', '^tjaY79c1vd1', 'eblanctristan@duval.fr', True, '+33 (0)5 70 40 87 21', 3,  '2023-05-03', 66),
    (159, 'rene23', 'Alexandre', 'Françoise', '01xnoEG5)qtB', 'evpires@sfr.fr', True, '+33 (0)3 62 45 09 73', 3,  '2023-01-02', 67),
    (160, 'regniercecile', 'Berthelot', 'Jacques', 'zdyt9cQz@V4*', 'emarie80@boucher.net', True, '02 35 43 03 77', 3, '2023-09-26', 67),
    (161, 'qhernandez', 'Leclerc', 'Alexandria', '9dtyZQZG&^4V', 'evaleriegosselin@live.com', True, '+33 (0)5 01 85 66 04', 3, '2023-06-27', 67)
;

INSERT INTO Product_Category (product_category_id, commerce_id, label, description)
VALUES
    (1, 1, 'Pain', 'Variété de pains frais et croustillants'),
    (2, 1, 'Viennoiseries', 'Croissants, pains au chocolat'),
    (3, 1, 'Pâtisseries', 'Gâteaux, tartes, éclairs, etc.'),
    (4, 1, 'Snacks salés', 'Sandwichs, quichesc'),
    (5, 1, 'Boissons chaudes', 'Café, thé, chocolat chaud'),
    (6, 2, 'Romans', 'Une sélection de romans de différents genres.'),
    (7, 2, 'Bandes dessinées', 'BDs pour tous les âges et tous les goûts.'),
    (8, 2, 'Livres pour enfants', 'Livres illustrés, contes, et histoires pour enfants.'),
    (9, 2, 'Essais et documents', 'Livres traitant de sujets divers et variés.'),
    (10, 2, 'Livres d''occasion', 'Livres ayant déjà été possédés et revendus à la librairie.'),
    (11, 3, 'Médicaments', 'Produits pharmaceutiques pour divers besoins médicaux.'),
    (12, 3, 'Soins de beauté', 'Produits cosmétiques et de soins pour la peau.'),
    (13, 3, 'Articles d''hygiène', 'Produits d''hygiène personnelle, tels que dentifrice et savon.'),
    (14, 3, 'Médecine alternative', 'Produits et traitements alternatifs, tels que l''homéopathie.'),
    (15, 3, 'Matériel médical', 'Équipements et fournitures médicales diverses.'),
    (16, 4, 'Fruits et légumes', 'Produits frais de saison, fruits et légumes.'),
    (17, 4, 'Produits laitiers', 'Lait, fromage, yaourt.'),
    (18, 4, 'Charcuterie', 'Jambon, saucisson.'),
    (19, 4, 'Épicerie sèche', 'Produits non périssables comme les pâtes, le riz.'),
    (20, 4, 'Boissons', 'Boissons non alcoolisées et alcoolisées.'),
    (21, 5, 'Café et thés', 'Différentes variétés de café et de thés.'),
    (22, 5, 'Pâtisseries', 'Gâteaux, tartes, biscuits.'),
    (23, 5, 'Boissons chaudes', 'Chocolat chaud, cappuccino.'),
    (24, 5, 'Boissons froides', 'Jus de fruits, smoothies.'),
    (25, 5, 'Snacks salés', 'Sandwichs, salades.'),
    (26, 6, 'Entrées', 'Plats d''entrée variés, comme des salades ou des soupes.'),
    (27, 6, 'Plats principaux', 'Plats principaux comme des viandes, des pâtes.'),
    (28, 6, 'Desserts', 'Sélection de desserts sucrés et savoureux.'),
    (29, 6, 'Boissons', 'Boissons alcoolisées et non alcoolisées.'),
    (30, 6, 'Menu enfants', 'Options adaptées aux plus jeunes, comme des plats simples et des boissons spéciales.'),
    (31, 7, 'Viandes fraîches', 'Viandes de bœuf, de porc, de volaille, etc.'),
    (32, 7, 'Charcuterie', 'Saucissons, pâtés, jambons, etc.'),
    (33, 7, 'Produits de volaille', 'Poulet, dinde, canard, etc.'),
    (34, 7, 'Produits marinés', 'Viandes marinées prêtes à cuisiner.'),
    (35, 7, 'Produits régionaux', 'Spécialités régionales et locales.'),
    (36, 8, 'Poissons frais', 'Variété de poissons frais, selon la saison et les arrivages.'),
    (37, 8, 'Fruits de mer', 'Crustacés, coquillages et autres fruits de mer.'),
    (38, 8, 'Filets et pavés', 'Filets de poissons préparés et prêts à cuire.'),
    (39, 8, 'Sauces et condiments', 'Sauces spéciales pour accompagner les fruits de mer.'),
    (40, 8, 'Plats préparés', 'Plats de poissons cuisinés et prêts à déguster.'),
    (41, 9, 'Vêtements pour femmes', 'Collection de vêtements pour femmes de divers styles.'),
    (42, 9, 'Vêtements pour hommes', 'Collection de vêtements pour hommes, des classiques aux tendances.'),
    (43, 9, 'Accessoires', 'Sacs à main, ceintures, foulards, etc.'),
    (44, 9, 'Chaussures', 'Large sélection de chaussures pour femmes et hommes.'),
    (45, 9, 'Articles de mode enfants', 'Vêtements et accessoires pour enfants et bébés.'),
    (46, 10, 'Bagues', 'Large sélection de bagues pour tous les goûts.'),
    (47, 10, 'Colliers et pendentifs', 'Colliers, pendentifs et chaînes en différents matériaux.'),
    (48, 10, 'Bracelets', 'Bracelets pour femmes et hommes, en or, argent.'),
    (49, 10, 'Boucles d''oreilles', 'Boucles d''oreilles de styles variés.'),
    (50, 10, 'Montres', 'Montres pour hommes et femmes, de marques renommées.'),
    (51, 11, 'Outils à main', 'Une variété d''outils à main pour divers travaux.'),
    (52, 11, 'Matériaux de construction', 'Matériaux de construction tels que le bois, le métal.'),
    (53, 11, 'Peinture et fournitures', 'Peinture, pinceaux, rouleaux.'),
    (54, 11, 'Quincaillerie générale', 'Vis, clous, crochets.'),
    (55, 11, 'Équipement de sécurité', 'Casques, gants, lunettes de protection.'),
    (56, 12, 'Jouets pour enfants', 'Une large gamme de jouets adaptés à tous les âges.'),
    (57, 12, 'Jeux de société', 'Jeux de société pour jouer en famille ou entre amis.'),
    (58, 12, 'Peluches', 'Une variété de peluches douces et câlines.'),
    (59, 12, 'Jouets éducatifs', 'Jouets qui encouragent l''apprentissage et le développement.'),
    (60, 12, 'Figurines et modèles réduits', 'Figurines de personnages, modèles réduits de véhicules.'),
    (61, 13, 'Bouquets de fleurs', 'Bouquets de fleurs fraîches pour toutes les occasions.'),
    (62, 13, 'Plantes d''intérieur', 'Plantes vertes et fleuries pour la maison ou le bureau.'),
    (63, 13, 'Arrangements floraux', 'Arrangements floraux pour décorer les événements spéciaux.'),
    (64, 13, 'Accessoires de jardinage', 'Outils de jardinage, pots, terreau, etc.'),
    (65, 13, 'Articles de décoration', 'Décorations florales et accessoires pour la maison.'),
    (66, 14, 'Coupe de cheveux', 'Différents styles de coupes de cheveux pour femmes et hommes.'),
    (67, 14, 'Coloration', 'Services de coloration pour changer ou raviver la couleur des cheveux.'),
    (68, 14, 'Coiffures spéciales', 'Coiffures pour événements spéciaux comme les mariages ou les soirées.'),
    (69, 14, 'Traitements capillaires', 'Traitements pour nourrir, hydrater et réparer les cheveux.'),
    (70, 14, 'Produits capillaires', 'Produits de soins capillaires pour entretenir les cheveux à la maison.'),
    (71, 15, 'Lunettes de vue', 'Montures de lunettes pour corriger la vision.'),
    (72, 15, 'Lunettes de soleil', 'Lunettes de soleil pour se protéger des rayons UV.'),
    (73, 15, 'Lentilles de contact', 'Lentilles de contact souples et rigides.'),
    (74, 15, 'Produits d''entretien', 'Solutions de nettoyage et étuis pour lentilles de contact.'),
    (75, 15, 'Accessoires optiques', 'Étuis à lunettes, cordons, etc.'),
    (76, 16, 'Fromages au lait de vache', 'Variété de fromages fabriqués à partir de lait de vache.'),
    (77, 16, 'Fromages au lait de chèvre', 'Fromages élaborés à partir de lait de chèvre.'),
    (78, 16, 'Fromages au lait de brebis', 'Fromages produits à partir de lait de brebis.'),
    (79, 16, 'Fromages affinés', 'Fromages ayant subi un processus d''affinage pour développer leur saveur.'),
    (80, 16, 'Produits laitiers régionaux', 'Produits laitiers artisanaux et régionaux.'),
    (81, 17, 'Gâteaux', 'Gâteaux d''anniversaire, de mariage et autres événements spéciaux.'),
    (82, 17, 'Tartes', 'Tartes sucrées et salées, préparées avec des ingrédients de qualité.'),
    (83, 17, 'Petits gâteaux et cupcakes', 'Délicieux petits gâteaux et cupcakes pour toutes les occasions.'),
    (84, 17, 'Pâtisseries fines', 'Pâtisseries artisanales de haute qualité.'),
    (85, 17, 'Viennoiseries', 'Croissants, pains au chocolat et autres délices du matin.'),
    (86, 18, 'Chaussures pour femmes', 'Collection de chaussures pour femmes de différents styles.'),
    (87, 18, 'Chaussures pour hommes', 'Collection de chaussures pour hommes, classiques et tendance.'),
    (88, 18, 'Chaussures pour enfants', 'Chaussures pour enfants de toutes les tailles et pour toutes les occasions.'),
    (89, 18, 'Chaussures de sport', 'Baskets et chaussures de sport pour diverses activités.'),
    (90, 18, 'Accessoires chaussures', 'Semelles, lacets, etc., pour entretenir et personnaliser les chaussures.'),
    (1156, 19, 'Téléphones et tablettes', 'Derniers modèles de téléphones et tablettes.'),
    (1157, 19, 'Ordinateurs et accessoires', 'Ordinateurs portables, de bureau et accessoires.'),
    (1158, 19, 'Électroménager', 'Appareils électroménagers pour la maison.'),
    (1159, 19, 'Audio et vidéo', 'Équipement audio et vidéo, tels que haut-parleurs et téléviseurs.'),
    (1160, 19, 'Accessoires électroniques', 'Accessoires pour téléphones, ordinateurs, etc.'),
    (1161, 20, 'Cadeaux pour femmes', 'Idées de cadeaux pour femmes de tout âge.'),
    (1162, 20, 'Cadeaux pour hommes', 'Sélection de cadeaux pour hommes pour toutes les occasions.'),
    (1163, 20, 'Cadeaux pour enfants', 'Jouets, jeux et autres cadeaux pour les enfants.'),
    (1164, 20, 'Cadeaux personnalisés', 'Cadeaux personnalisés pour une touche spéciale.'),
    (1165, 20, 'Articles de décoration', 'Articles de décoration pour la maison et les fêtes.'),
    (1166, 21, 'CDs et vinyles', 'Large sélection de CDs et vinyles de différents genres.'),
    (1167, 21, 'Instruments de musique', 'Instruments de musique pour tous niveaux et tous styles.'),
    (1168, 21, 'Partitions et accessoires', 'Partitions, métronomes, accordeurs, etc.'),
    (1169, 21, 'Livres sur la musique', 'Livres traitant de la musique, des biographies aux théories.'),
    (1170, 21, 'Cadeaux musicaux', 'Cadeaux liés à la musique, comme des boîtes à musique ou des figurines.'),
    (1171, 22, 'Équipement de sport', 'Équipement pour une variété de sports extrêmes.'),
    (1172, 22, 'Vêtements de sport', 'Vêtements adaptés à la pratique du sport extrême.'),
    (1173, 22, 'Accessoires de sport', 'Accessoires essentiels pour les sports extrêmes.'),
    (1174, 22, 'Protection et sécurité', 'Équipement de protection et de sécurité pour les sportifs.'),
    (1175, 22, 'Livres et guides', 'Livres et guides sur les sports extrêmes et les destinations.'),
    (11711, 22, 'Équipement de sport', 'Équipement pour une variété de sports extrêmes.'),
    (11712, 22, 'Vêtements de sport', 'Vêtements adaptés à la pratique du sport extrême.'),
    (11713, 22, 'Accessoires de sport', 'Accessoires essentiels pour les sports extrêmes.'),
    (11714, 22, 'Protection et sécurité', 'Équipement de protection et de sécurité pour les sportifs.'),
    (11715, 22, 'Livres et guides', 'Livres et guides sur les sports extrêmes et les destinations.'),
    (1176, 23, 'Outils électriques', 'Perceuses, scies électriques, etc.'),
    (1177, 23, 'Matériaux de construction', 'Matériaux de construction pour divers projets.'),
    (1178, 23, 'Peinture et fournitures', 'Peinture, pinceaux, rouleaux, etc.'),
    (1179, 23, 'Quincaillerie générale', 'Vis, clous, crochets, etc.'),
    (1180, 23, 'Équipement de sécurité', 'Casques, gants, lunettes de protection, etc.'),
    (1181, 24, 'Parfums pour femmes', 'Large sélection de parfums pour femmes.'),
    (1182, 24, 'Parfums pour hommes', 'Parfums pour hommes de différentes marques.'),
    (1183, 24, 'Parfums pour enfants', 'Parfums doux et adaptés aux enfants.'),
    (1184, 24, 'Soins de la peau', 'Produits de soins pour le visage et le corps.'),
    (1185, 24, 'Cadeaux parfumés', 'Coffrets cadeaux et ensembles parfumés.'),
    (1186, 25, 'Tissus d''ameublement', 'Tissus pour rideaux, coussins, etc.'),
    (1187, 25, 'Tissus pour vêtements', 'Tissus pour la confection de vêtements.'),
    (1188, 25, 'Mercerie', 'Accessoires de couture, boutons, fils, etc.'),
    (1189, 25, 'Articles de décoration', 'Articles de décoration faits main.'),
    (1190, 25, 'Couture et loisirs créatifs', 'Matériel de couture et articles pour les loisirs créatifs.'),
    (91, 26, 'Sacs à main', 'Collection de sacs à main de luxe pour femmes.'),
    (92, 26, 'Portefeuilles', 'Portefeuilles en cuir de haute qualité pour hommes et femmes.'),
    (93, 26, 'Bagages', 'Valises et sacs de voyage haut de gamme.'),
    (94, 26, 'Accessoires en cuir', 'Ceintures, étuis pour téléphone, etc.'),
    (95, 26, 'Articles de maroquinerie', 'Articles divers en cuir de luxe.'),
    (96, 27, 'Thés verts', 'Sélection de thés verts du monde entier.'),
    (97, 27, 'Thés noirs', 'Thés noirs aromatiques et robustes.'),
    (98, 27, 'Thés blancs', 'Thés blancs délicats et raffinés.'),
    (99, 27, 'Infusions et tisanes', 'Infusions aux herbes et tisanes relaxantes.'),
    (100, 27, 'Accessoires de thé', 'Théières, tasses, infuseurs, etc.'),
    (101, 28, 'Produits frais', 'Fruits, légumes, produits laitiers, etc., tous biologiques.'),
    (102, 28, 'Épicerie sèche', 'Produits alimentaires non périssables certifiés bio.'),
    (103, 28, 'Produits en vrac', 'Céréales, légumineuses, fruits secs, etc.'),
    (104, 28, 'Produits de soin bio', 'Produits de soin corporel et cosmétiques bio.'),
    (105, 28, 'Produits écologiques', 'Produits ménagers et de nettoyage écologiques.'),
    (106, 29, 'Chocolats au lait', 'Chocolats au lait fins et crémeux.'),
    (107, 29, 'Chocolats noirs', 'Chocolats noirs riches en cacao de différentes origines.'),
    (108, 29, 'Chocolats blancs', 'Chocolats blancs fondants et délicats.'),
    (109, 29, 'Truffes et pralinés', 'Truffes au chocolat et pralinés faits maison.'),
    (110, 29, 'Cadeaux chocolatés', 'Coffrets cadeaux et assortiments de chocolats.'),
    (111, 30, 'Livres de fiction', 'Romans, polars, science-fiction, etc.'),
    (112, 30, 'Livres spécialisés', 'Livres sur des sujets spécifiques, tels que l''histoire ou la philosophie.'),
    (113, 30, 'Bandes dessinées', 'BDs et mangas pour tous les âges.'),
    (114, 30, 'Livres pour enfants', 'Livres illustrés, contes et histoires pour enfants.'),
    (115, 30, 'Livres de référence', 'Dictionnaires, encyclopédies, etc.'),
    (116, 31, 'Décoration murale', 'Tableaux, affiches et autres décorations murales.'),
    (117, 31, 'Objets de décoration', 'Statuettes, vases, bougies, etc.'),
    (118, 31, 'Linge de maison', 'Draps, coussins, couvertures, etc.'),
    (119, 31, 'Accessoires de maison', 'Photophores, porte-manteaux, etc.'),
    (120, 31, 'Meubles', 'Meubles de style pour toutes les pièces de la maison.'),
    (121, 32, 'Soutiens-gorge', 'Soutiens-gorge pour femmes de différentes tailles et styles.'),
    (122, 32, 'Culottes et strings', 'Culottes, strings et shortys pour femmes.'),
    (123, 32, 'Ensembles de lingerie', 'Ensembles assortis de soutiens-gorge et de culottes.'),
    (124, 32, 'Pyjamas et nuisettes', 'Pyjamas et nuisettes confortables et élégants.'),
    (125, 32, 'Accessoires de lingerie', 'Bas, porte-jarretelles, etc.'),
    (126, 33, 'Soins du visage', 'Crèmes, lotions et masques pour le visage.'),
    (127, 33, 'Soins du corps', 'Lotions hydratantes, gommages, etc.'),
    (128, 33, 'Maquillage', 'Maquillage pour les yeux, les lèvres et le teint.'),
    (129, 33, 'Produits capillaires', 'Shampoings, après-shampoings, masques capillaires, etc.'),
    (130, 33, 'Produits bio et naturels', 'Produits de beauté bio et naturels certifiés.'),
    (131, 34, 'Meubles de salon', 'Canapés, fauteuils, tables basses.'),
    (132, 34, 'Meubles de chambre', 'Lits, commodes, armoires.'),
    (133, 34, 'Meubles de salle à manger', 'Tables, chaises, buffets'),
    (134, 34, 'Décoration d''intérieur', 'Coussins, tapis, luminaires,.'),
    (135, 34, 'Accessoires de décoration', 'Cadres, miroirs, objets déco.'),
    (136, 35, 'Vins rouges', 'Sélection de vins rouges de différentes régions et cépages.'),
    (137, 35, 'Vins blancs', 'Vins blancs secs, moelleux et liquoreux.'),
    (138, 35, 'Champagnes et pétillants', 'Champagnes, crémants et autres vins pétillants.'),
    (139, 35, 'Spiritueux', 'Whiskies, cognacs, rhums, etc.'),
    (140, 35, 'Accessoires pour le vin', 'Verres, carafes, tire-bouchons, etc.'),
    (141, 36, 'Vêtements de luxe', 'Vêtements de créateurs et de marques de luxe.'),
    (142, 36, 'Accessoires de luxe', 'Sacs à main, chaussures, bijoux, etc.'),
    (143, 36, 'Maroquinerie de luxe', 'Sacs en cuir de haute qualité et autres accessoires.'),
    (144, 36, 'Produits cosmétiques haut de gamme', 'Maquillage et produits de soin de luxe.'),
    (145, 36, 'Articles de décoration haut de gamme', 'Objets de décoration luxueux pour la maison.'),
    (146, 37, 'Nourriture pour chiens', 'Aliments secs, humides et friandises pour chiens.'),
    (147, 37, 'Nourriture pour chats', 'Croquettes, pâtées et friandises pour chats.'),
    (148, 37, 'Accessoires pour animaux', 'Jouets, colliers, laisses, etc.'),
    (149, 37, 'Produits de soin pour animaux', 'Shampoings, brosses, etc.'),
    (150, 37, 'Articles pour l''habitat', 'Litières, niches, aquariums, etc.'),
    (151, 38, 'Appareils photo', 'Appareils photo numériques et argentiques de différentes marques.'),
    (152, 38, 'Objectifs', 'Objectifs pour appareils photo reflex et hybrides.'),
    (153, 38, 'Accessoires photo', 'Cartes mémoire, sacs, trépieds, etc.'),
    (154, 38, 'Matériel d''éclairage', 'Flashs, éclairages studio, parapluies, etc.'),
    (155, 38, 'Services photo', 'Développement de photos, impressions, etc.'),
    (156, 39, 'Bandes dessinées', 'BDs pour tous les âges et tous les goûts.'),
    (157, 39, 'Mangas', 'Mangas japonais pour les amateurs de culture japonaise.'),
    (158, 39, 'Comics', 'Comics américains, des super-héros aux romans graphiques.'),
    (159, 39, 'Livres connexes', 'Livres sur la BD, les artistes et les techniques de dessin.'),
    (160, 39, 'Figurines et produits dérivés', 'Figurines de personnages de BD et autres produits dérivés.'),
    (161, 40, 'Vinyles', 'Vinyles de musique de différentes époques et genres.'),
    (162, 40, 'CDs', 'CDs de musique, albums et compilations.'),
    (163, 40, 'Cassettes audio', 'Cassettes audio de musique rétro.'),
    (164, 40, 'DVDs musicaux', 'DVDs de concerts, documentaires et vidéoclips.'),
    (165, 40, 'Produits de collection', 'Produits de collection liés à la musique, tels que des éditions spéciales et des box sets.'),
    (166, 41, 'Vélos de route', 'Vélos conçus pour la vitesse sur les routes.'),
    (167, 41, 'Vélos tout-terrain', 'VTT pour les amateurs de sensations fortes.'),
    (168, 41, 'Vélos électriques', 'Vélos électriques pour une conduite assistée.'),
    (169, 41, 'Accessoires vélo', 'Casques, antivols, éclairages, etc.'),
    (170, 41, 'Équipement cycliste', 'Tenues de cyclisme, chaussures, etc.'),
    (171, 41, 'Services de réparation', 'Réparation et entretien de vélos.'),
    (172, 42, 'Peintures', 'Tableaux et œuvres d''art originales.'),
    (173, 42, 'Sculptures', 'Sculptures contemporaines et classiques.'),
    (174, 42, 'Photographies', 'Photographies d''art de différents styles et sujets.'),
    (175, 42, 'Art numérique', 'Créations artistiques réalisées à l''aide de logiciels.'),
    (176, 42, 'Œuvres d''art abstraites', 'Œuvres d''art abstraites et expérimentales.'),
    (177, 42, 'Artisanat local', 'Artisanat local et artisanat d''art.'),
    (178, 43, 'Équipement de camping', 'Tentes, sacs de couchage, réchauds.'),
    (179, 43, 'Randonnée pédestre', 'Vêtements et équipements pour la randonnée.'),
    (180, 43, 'Escalade', 'Matériel d''escalade, cordes, harnais.'),
    (181, 43, 'Activités aquatiques', 'Équipement de plongée, kayak, paddle.'),
    (182, 43, 'Accessoires de plein air', 'Lampes frontales, jumelles, boussoles.'),
    (183, 44, 'Gadgets électroniques', 'Derniers gadgets électroniques et high-tech.'),
    (184, 44, 'Objets connectés', 'Montres intelligentes, trackers d''activité.'),
    (185, 44, 'Accessoires mobiles', 'Coques de téléphone, chargeurs sans fil.'),
    (186, 44, 'Gadgets de cuisine', 'Accessoires de cuisine high-tech et innovants.'),
    (187, 44, 'Gadgets de bureau', 'Accessoires de bureau originaux et pratiques.'),
    (188, 44, 'Gadgets de voyage', 'Accessoires de voyage intelligents et compacts.'),
    (189, 45, 'Pains de tradition', 'Pains traditionnels français et autres spécialités.'),
    (190, 45, 'Viennoiseries', 'Croissants, pains au chocolat, brioches.'),
    (191, 45, 'Pâtisseries', 'Tartes, gâteaux, éclairs.'),
    (192, 45, 'Pains spéciaux', 'Pains sans gluten, pains complets.'),
    (193, 46, 'Livres de fiction', 'Romans, polars, science-fiction.'),
    (194, 46, 'Livres pour enfants', 'Livres illustrés, contes et histoires pour enfants.'),
    (195, 46, 'Livres de non-fiction', 'Livres sur des sujets variés, biographies, histoire.'),
    (196, 47, 'Médicaments sans ordonnance', 'Médicaments en vente libre pour divers maux.'),
    (197, 47, 'Produits de santé naturels', 'Suppléments vitaminiques, herbes.'),
    (198, 47, 'Soins de première nécessité', 'Pansements, antiseptiques, thermomètres.'),
    (199, 48, 'Fruits et légumes', 'Fruits et légumes frais et de saison.'),
    (200, 48, 'Produits laitiers', 'Lait, fromage, yaourts.'),
    (201, 48, 'Charcuterie', 'Saucissons, jambons, pâtés.'),
    (202, 49, 'Café', 'Café fraîchement moulu et café en grains.'),
    (203, 49, 'Thé', 'Sélection de thés aromatisés et non aromatisés.'),
    (204, 49, 'Boissons chaudes', 'Chocolat chaud, cappuccino.'),
    (205, 50, 'Entrées', 'Plats légers pour commencer le repas.'),
    (206, 50, 'Plats principaux', 'Plats principaux variés, viandes, poissons.'),
    (207, 50, 'Desserts', 'Délices sucrés pour terminer le repas.'),
    (208, 50, 'Boissons', 'Vins, bières, boissons non alcoolisées.'),
    (209, 51, 'Viande de bœuf', 'Découpe de viande de bœuf fraîche et de qualité.'),
    (210, 51, 'Viande de porc', 'Découpe de viande de porc pour tous les plats.'),
    (211, 51, 'Volailles', 'Poulet, dinde et autres volailles fraîches.'),
    (212, 51, 'Charcuterie', 'Saucissons, jambons, pâtés, etc.'),
    (213, 52, 'Poissons frais', 'Poissons frais de la journée, variété de choix.'),
    (214, 52, 'Fruits de mer', 'Crustacés, mollusques et autres fruits de mer.'),
    (215, 52, 'Poissons fumés', 'Saumon fumé, truite fumée.'),
    (216, 52, 'Marée du jour', 'Produits de la marée selon les arrivages.'),
    (217, 53, 'Vêtements pour femmes', 'Robes, chemisiers, pantalons.'),
    (218, 53, 'Vêtements pour hommes', 'Chemises, pantalons, costumes.'),
    (219, 53, 'Vêtements pour enfants', 'Vêtements pour bébés, filles et garçons.'),
    (220, 53, 'Accessoires de mode', 'Sacs à main, écharpes, ceintures.'),
    (221, 54, 'Bagues', 'Bagues en or, en argent, avec des pierres précieuses.'),
    (222, 54, 'Colliers et pendentifs', 'Colliers en or, en argent, avec ou sans pendentifs.'),
    (223, 54, 'Bracelets', 'Bracelets en argent, en or, en perles.'),
    (224, 54, 'Boucles d''oreilles', 'Boucles d''oreilles en or, en argent, avec des diamants.'),
    (244, 55, 'Outils électriques', 'Perceuses, scies, ponceuses.'),
    (245, 55, 'Outils manuels', 'Tournevis, marteaux, pinces.'),
    (246, 55, 'Quincaillerie générale', 'Vis, clous, crochets.'),
    (247, 55, 'Matériel de fixation', 'Chevilles, boulons, écrous.'),
    (248, 55, 'Peinture et accessoires', 'Peinture, pinceaux, rouleaux.'),
    (249, 55, 'Matériel de plomberie', 'Raccords, tuyaux, robinets.'),
    (250, 56, 'Jouets pour bébés', 'Jouets d''éveil, peluches.'),
    (251, 56, 'Jouets éducatifs', 'Jeux de construction, puzzles.'),
    (252, 56, 'Jouets pour enfants', 'Poupées, voitures, jeux de société.'),
    (253, 56, 'Jeux de plein air', 'Balles, cerfs-volants, jeux de jardin.'),
    (254, 56, 'Jeux de société', 'Jeux de plateau, jeux de cartes, etc.'),
    (255, 57, 'Bouquets de fleurs', 'Bouquets de fleurs fraîches pour toutes occasions.'),
    (256, 57, 'Plantes d''intérieur', 'Plantes vertes, plantes fleuries.'),
    (257, 57, 'Plantes d''extérieur', 'Plantes pour le jardin, les balcons.'),
    (258, 57, 'Accessoires de jardinage', 'Pots, arrosoirs, outils de jardin.'),
    (259, 58, 'Coupe et coiffure', 'Services de coupe, brushing, coiffage.'),
    (260, 58, 'Coloration', 'Services de coloration et de mèches.'),
    (261, 58, 'Coiffures spéciales', 'Chignons, tresses, coiffures de mariage.'),
    (262, 58, 'Soins capillaires', 'Traitements, masques et soins pour les cheveux.'),
    (263, 58, 'Produits capillaires', 'Shampoings, après-shampoings, produits coiffants.'),
    (264, 59, 'Montures de lunettes', 'Montures pour lunettes de vue et de soleil.'),
    (265, 59, 'Verres correcteurs', 'Verres pour corriger la vision, divers types.'),
    (266, 59, 'Lentilles de contact', 'Lentilles souples, rigides, journalières.'),
    (267, 59, 'Produits d''entretien', 'Solutions nettoyantes, étuis.'),
    (268, 60, 'Fromages à pâte molle', 'Camembert, brie, etc.'),
    (269, 60, 'Fromages à pâte pressée', 'Comté, emmental, etc.'),
    (270, 60, 'Fromages à pâte persillée', 'Roquefort, bleu d''Auvergne.'),
    (271, 60, 'Fromages de chèvre', 'Crottin de Chavignol, Sainte-Maure.'),
    (272, 60, 'Fromages régionaux', 'Spécialités fromagères locales.'),
    (273, 61, 'Gâteaux', 'Gâteaux d''anniversaire, de mariage.'),
    (274, 61, 'Tartes', 'Tartes aux fruits, tartes aux chocolat.'),
    (275, 61, 'Éclairs et choux', 'Éclairs au chocolat, choux à la crème.'),
    (276, 61, 'Petits gâteaux', 'Muffins, cupcakes, macarons.'),
    (277, 62, 'Chaussures pour femmes', 'Bottes, escarpins, sandales.'),
    (278, 62, 'Chaussures pour hommes', 'Baskets, chaussures de ville.'),
    (279, 62, 'Chaussures pour enfants', 'Baskets, bottes, chaussures de sport.'),
    (280, 62, 'Accessoires chaussures', 'Semelles, lacets, produits d''entretien.'),
    (281, 63, 'Téléphones mobiles', 'Derniers modèles de smartphones.'),
    (282, 63, 'Ordinateurs portables', 'PC portables, MacBook.'),
    (283, 63, 'Accessoires électroniques', 'Coques de protection, chargeurs.'),
    (284, 63, 'Appareils photo et caméras', 'Appareils photo numériques, caméras d''action.'),
    (285, 64, 'Cadeaux pour hommes', 'Idées cadeaux pour les hommes.'),
    (286, 64, 'Cadeaux pour femmes', 'Idées cadeaux pour les femmes.'),
    (287, 64, 'Cadeaux pour enfants', 'Jouets, jeux, peluches.'),
    (288, 64, 'Cadeaux pour toutes occasions', 'Cadeaux d''anniversaire, de mariage.'),
    (289, 65, 'CDs', 'Dernières sorties musicales sur CD.'),
    (290, 65, 'Vinyles', 'Vinyles neufs et d''occasion.'),
    (291, 65, 'Partitions', 'Partitions pour divers instruments.'),
    (292, 65, 'Instruments de musique', 'Guitares, pianos, percussions.'),
    (293, 66, 'Équipements pour sports nautiques', 'Planche à voile, surf, kayak.'),
    (294, 66, 'Équipements pour sports aériens', 'Parapente, parachutisme, etc.'),
    (295, 66, 'Équipements pour sports de montagne', 'Escalade, alpinisme, etc.'),
    (296, 66, 'Équipements pour sports extrêmes urbains', 'Skateboard, roller, BMX.'),
    (297, 67, 'Matériaux de construction', 'Planches, briques, ciment, etc.'),
    (298, 67, 'Outillage', 'Marteaux, scies, clous, etc.'),
    (299, 67, 'Peinture et accessoires', 'Peinture, pinceaux, rouleaux, etc.'),
    (300, 67, 'Quincaillerie', 'Vis, clous, crochets, etc.'),
    (301, 67, 'Électricité', 'Fils électriques, prises, interrupteurs, etc.');

INSERT INTO Product (product_id, product_name, description, price, quantity, reward_points_price, is_gift, discount_id, commerce_id, product_category_id, view)
VALUES
    (1, 'Pain au levain', 'Délicieux pain croustillant', 3.50, 150, 3, FALSE, 0, 1, 1, 12),
    (2, 'Baguette traditionnelle', 'Baguette de tradition française', 2.00, 200, 20, TRUE, 0, 1, 1, 15),
    (3, 'Pain aux céréales', 'Pain aux céréales complètes', 4.00, 120, 40, TRUE, 0, 1, 1, 20),
    (4, 'Croissant', 'Classique croissant au beurre', 1.50, 180, 10, TRUE, 0, 1, 2, 18),
    (5, 'Pain au chocolat', 'Pâte feuilletée au chocolat', 2.00, 160, 2, FALSE, 0, 1, 2, 22),
    (6, 'Pain aux raisins', 'Pâte feuilletée aux raisins', 2.50, 140, 2, FALSE, 0, 1, 2, 16),
    (7, 'Tarte aux fruits', 'Délicieuse tarte aux fruits frais', 15.00, 15, 15, FALSE, 0, 1, 3, 28),
    (8, 'Éclair au chocolat', 'Éclair garni de crème pâtissière au chocolat', 2.50, 60, 20, TRUE, 0, 1, 3, 25),
    (9, 'Quiche lorraine', 'Quiche aux lardons et fromage', 5.50, 30, 5, FALSE, 0, 1, 4, 35),
    (10, 'Sandwich jambon-fromage', 'Pain de mie, jambon, fromage', 4.00, 50, 4, FALSE, 0, 1, 4, 30),
    (11, 'Café noir', 'Expresso bien corsé', 1.80, 100, 1, FALSE, 0, 1, 5, 40),
    (12, 'Thé vert', 'Thé vert à la menthe', 2.20, 80, 2, FALSE, 0, 1, 5, 45),
    (13, 'Chocolat chaud', 'Chocolat chaud onctueux', 2.50, 60, 2, FALSE, 0, 1, 5, 50),
    (14, 'Pain complet', 'Pain complet au levain', 3.80, 70, 30, TRUE, 0, 1, 1, 12),
    (15, 'Pain aux noix', 'Pain aux noix et aux fruits secs', 4.50, 110, 4, FALSE, 0, 1, 1, 18),
    (16, 'Brioche', 'Brioche moelleuse et légère', 2.50, 100, 2, FALSE, 0, 1, 2, 20),
    (17, 'Pain au sésame', 'Pain au sésame doré', 3.00, 100, 3, FALSE, 0, 1, 1, 15),
    (18, 'Tarte au citron meringuée', 'Tartelette au citron et meringue', 4.50, 35, 4, FALSE, 0, 1, 3, 25),
    (19, 'Pain aux olives', 'Pain aux olives noires et vertes', 3.50, 100, 30, TRUE, 0, 1, 1, 15),
    (20, 'Pain aux graines de pavot', 'Pain aux graines de pavot', 4.00, 50, 4, FALSE, 0, 1, 1, 20),
    (21, 'Croissant aux amandes', 'Croissant fourré à la crème d''amandes', 2.50, 30, 2, FALSE, 0, 1, 2, 18),
    (22, 'Pain aux figues', 'Pain aux figues et aux noix', 4.50, 100, 4, FALSE, 0, 1, 1, 20),
    (23, 'Pain complet aux graines', 'Pain complet aux graines de lin, sésame et tournesol', 4.00, 110, 4, FALSE, 0, 1, 1, 20),
    (24, 'Pain de campagne', 'Pain de campagne traditionnel', 3.00, 140, 3, FALSE, 0, 1, 1, 15),
    (25, 'Brioche au chocolat', 'Brioche fourrée au chocolat', 3.00, 90, 3, FALSE, 0, 1, 2, 20),
    (26, 'Pain aux noisettes', 'Pain aux noisettes entières', 4.00, 100, 40, TRUE, 0, 1, 1, 20),
    (27, 'Pain de mie complet', 'Pain de mie complet moelleux', 3.00, 120, 3, FALSE, 0, 1, 1, 15),
    (28, 'Tartelette aux fraises', 'Tartelette aux fraises fraîches', 3.50, 40, 3, FALSE, 0, 1, 3, 25),
    (29, 'Éclair à la vanille', 'Éclair garni de crème pâtissière à la vanille', 2.50, 70, 2, FALSE, 0, 1, 3, 25),
    (30, 'Quiche aux légumes', 'Quiche aux légumes de saison', 5.00, 30, 5, FALSE, 0, 1, 4, 35),
    (31, 'Sandwich poulet-crudités', 'Pain de campagne, poulet, crudités', 4.50, 45, 4, FALSE, 0, 1, 4, 30),
    (32, 'Café au lait', 'Café avec lait chaud', 2.00, 100, 2, FALSE, 0, 1, 5, 40),
    (33, 'Thé noir', 'Thé noir classique', 2.00, 80, 2, FALSE, 0, 1, 5, 45),
    (34, 'Chocolat viennois', 'Chocolat chaud avec chantilly', 3.00, 60, 3, FALSE, 0, 1, 5, 50),
    (35, 'Pain au seigle', 'Pain au seigle traditionnel', 3.50, 130, 3, FALSE, 0, 1, 1, 15),
    (36, 'Pain complet aux fruits secs', 'Pain complet aux raisins, abricots et noisettes', 4.50, 110, 4, FALSE, 0, 1, 1, 20),
    (37, 'Brioche aux fruits confits', 'Brioche aux fruits confits', 3.50, 100, 3, FALSE, 0, 1, 2, 20),
    (38, 'Pain aux graines de lin', 'Pain aux graines de lin doré', 3.50, 110, 3, FALSE, 0, 1, 1, 15),
    (39, 'Croissant aux pépites de chocolat', 'Croissant fourré aux pépites de chocolat', 2.50, 70, 2, FALSE, 0, 1, 2, 18),
    (40, 'Pain aux dattes', 'Pain aux dattes et aux noix', 4.50, 100, 4, FALSE, 0, 1, 1, 20),
    (41, 'Pain sans gluten', 'Pain sans gluten aux graines de chia', 5.00, 100, 5, FALSE, 0, 1, 1, 15),
    (42, 'Tarte au chocolat', 'Tartelette au chocolat noir fondant', 4.00, 30, 4, FALSE, 0, 1, 3, 25),
    (43, 'Éclair au café', 'Éclair garni de crème pâtissière au café', 2.50, 65, 2, FALSE, 0, 1, 3, 25),
    (44, 'Quiche au saumon', 'Quiche au saumon fumé et épinards', 6.00, 25, 6, FALSE, 0, 1, 4, 35),
    (45, 'Sandwich végétarien', 'Pain aux graines, légumes grillés, fromage frais', 4.50, 40, 4, FALSE, 0, 1, 4, 30),
    (46, 'Café décaféiné', 'Café sans caféine', 2.00, 80, 2, FALSE, 0, 1, 5, 40),
    (47, 'Thé aux fruits rouges', 'Thé aux fruits rouges et baies', 2.20, 70, 2, FALSE, 0, 1, 5, 45),
    (48, 'Chocolat blanc chaud', 'Chocolat chaud au chocolat blanc', 3.00, 90, 3, FALSE, 0, 1, 5, 50),

    (49, 'Les Misérables', 'Roman classique de Victor Hugo', 10.00, 150, 100, TRUE, 0, 2, 6, 12),
    (50, 'Astérix chez les Bretons', 'BD d''Astérix', 8.00, 170, 80, TRUE, 0, 2, 7, 15),
    (51, 'Le Petit Prince', 'Conte philosophique de Saint-Exupéry', 7.50, 60, 70, TRUE, 0, 2, 8, 18),
    (52, 'Sapiens: Une brève histoire de l''humanité', 'Essai de Yuval Noah Harari', 15.00, 140, 150, TRUE, 0, 2, 9, 20),
    (53, 'Harry Potter à l''école des sorciers', 'Roman de J.K. Rowling', 12.00, 145, 120, TRUE, 0, 2, 6, 22),
    (54, 'Tintin au Tibet', 'BD de Hergé', 9.00, 100, 90, TRUE, 0, 2, 7, 25),
    (55, 'Le Journal d''Anne Frank', 'Récit de l''adolescente juive Anne Frank', 8.50, 130, 80, TRUE, 0, 2, 8, 28),
    (56, '1984', 'Roman de George Orwell', 11.00, 135, 110, TRUE, 0, 2, 6, 30),
    (57, 'Maus', 'BD de Art Spiegelman', 14.00, 25, 14, FALSE, 0, 2, 7, 32),
    (58, 'Le Seigneur des Anneaux: La Communauté de l''anneau', 'Roman de J.R.R. Tolkien', 13.00, 40, 13, FALSE, 0, 2, 6, 35),
    (59, 'L''Alchimiste', 'Roman de Paulo Coelho', 9.50, 55, 9, FALSE, 0, 2, 6, 38),
    (60, 'Le Chat du Rabbin, tome 1: La Bar-Mitsva', 'BD de Joann Sfar', 10.00, 50, 10, FALSE, 0, 2, 7, 40),
    (61, 'La Mécanique du coeur', 'Roman de Mathias Malzieu', 8.00, 60, 8, FALSE, 0, 2, 6, 42),
    (62, 'Persepolis', 'BD de Marjane Satrapi', 12.00, 45, 12, FALSE, 0, 2, 7, 45),
    (63, 'L''Écume des jours', 'Roman de Boris Vian', 11.50, 35, 11, FALSE, 0, 2, 6, 48),
    (64, 'Watchmen', 'BD de Alan Moore', 13.00, 40, 13, FALSE, 0, 2, 7, 50),
    (65, 'Le Parfum', 'Roman de Patrick Süskind', 10.50, 30, 10, FALSE, 0, 2, 6, 52),
    (66, 'Les Carnets de Cerise, tome 1: Le zoo pétrifié', 'BD de Joris Chamblain', 9.00, 55, 9, FALSE, 0, 2, 7, 55),
    (67, 'Le Petit Nicolas', 'Recueil de nouvelles de René Goscinny', 7.50, 60, 7, FALSE, 0, 2, 8, 58),
    (68, 'L''Étranger', 'Roman d''Albert Camus', 11.00, 35, 11, FALSE, 0, 2, 6, 60),
    (69, 'La Caste des Méta-Barons, tome 1: Othon le Trisaïeul', 'BD de Alejandro Jodorowsky', 14.00, 25, 14, FALSE, 0, 2, 7, 62),
    (70, 'Le Vieil Homme et la Mer', 'Roman d''Ernest Hemingway', 8.00, 60, 8, FALSE, 0, 2, 6, 65),
    (71, 'Les Profs, tome 1', 'BD de Pica et Erroc', 9.00, 55, 9, FALSE, 0, 2, 7, 68),
    (72, 'Le Tour du monde en 80 jours', 'Roman de Jules Verne', 10.50, 30, 10, FALSE, 0, 2, 6, 70),
    (73, 'Les Aventures de Tintin: Le Lotus bleu', 'BD de Hergé', 10.00, 50, 10, FALSE, 0, 2, 7, 72),
    (74, 'L''Épée de vérité, tome 1: La Première Leçon du sorcier', 'Roman de Terry Goodkind', 12.00, 45, 12, FALSE, 0, 2, 6, 75),
    (75, 'Les Schtroumpfs, tome 1: Les Schtroumpfs noirs', 'BD de Peyo', 7.50, 60, 7, FALSE, 0, 2, 7, 78),
    (76, 'Fahrenheit 451', 'Roman de Ray Bradbury', 11.50, 35, 11, FALSE, 0, 2, 6, 80),
    (77, 'Blake et Mortimer: Le Secret de l''Espadon, tome 1', 'BD de Edgar P. Jacobs', 12.00, 45, 12, FALSE, 0, 2, 7, 82),

    (78, 'Aspirine', 'Pour soulager la douleur et réduire la fièvre', 5.00, 70, 50, TRUE, 0, 3, 11, 12),
    (79, 'Eau oxygénée', 'Pour désinfecter les blessures mineures', 4.00, 85, 40, TRUE, 0, 3, 11, 15),
    (80, 'Paracétamol', 'Analgésique pour soulager la douleur et réduire la fièvre', 6.00, 50, 60, TRUE, 0, 3, 11, 18),
    (81, 'Savon liquide antibactérien', 'Pour l''hygiène des mains', 3.00, 30, 30, TRUE, 0, 3, 13, 20),
    (82, 'Crème solaire SPF 50', 'Pour se protéger des rayons UV', 12.00, 60, 12, FALSE, 0, 3, 12, 22),
    (83, 'Sérum physiologique', 'Pour le nettoyage nasal et oculaire', 4.50, 90, 4, FALSE, 0, 3, 11, 25),
    (84, 'Antibiotiques', 'Pour le traitement des infections bactériennes', 15.00, 40, 15, FALSE, 0, 3, 11, 28),
    (85, 'Crème anti-âge', 'Pour réduire les signes de vieillissement de la peau', 18.00, 30, 18, FALSE, 0, 3, 12, 30),
    (86, 'Inhalateur de secours', 'Pour soulager l''asthme et les problèmes respiratoires', 25.00, 20, 25, FALSE, 0, 3, 11, 32),
    (87, 'Gel hydroalcoolique', 'Pour la désinfection des mains', 4.00, 100, 4, FALSE, 0, 3, 13, 35),
    (88, 'Sirop pour la toux', 'Pour soulager la toux et les maux de gorge', 8.00, 50, 8, FALSE, 0, 3, 11, 38),
    (89, 'Pansements adhésifs', 'Pour protéger les plaies mineures', 3.50, 120, 3, FALSE, 0, 3, 13, 40),
    (90, 'Crème pour les mains', 'Pour hydrater et protéger la peau des mains', 6.50, 60, 60, TRUE, 0, 3, 12, 42),
    (91, 'Antifongique', 'Pour le traitement des infections fongiques', 10.00, 40, 10, FALSE, 0, 3, 11, 45),
    (92, 'Spray nasal décongestionnant', 'Pour soulager la congestion nasale', 7.50, 68, 70, TRUE, 0, 3, 11, 48),

    (93, 'Pommes', 'Fruits frais de saison', 2.00, 55, 20, TRUE, 0, 4, 16, 12),
    (94, 'Lait', 'Produit laitier frais', 1.50, 150, 1, FALSE, 0, 4, 17, 15),
    (95, 'Pain de mie', 'Pain moelleux idéal pour les sandwiches', 2.50, 80, 20, TRUE, 0, 4, 19, 18),
    (96, 'Riz basmati', 'Riz long et parfumé', 3.00, 80, 3, FALSE, 0, 4, 19, 20),
    (97, 'Coca-Cola', 'Boisson gazeuse rafraîchissante', 1.80, 120, 10, TRUE, 0, 4, 20, 22),
    (98, 'Fromage de chèvre', 'Fromage frais et crémeux', 4.00, 70, 4, FALSE, 0, 4, 17, 25),
    (99, 'Pâtes spaghetti', 'Pâtes longues et fines', 1.50, 150, 1, FALSE, 0, 4, 19, 28),
    (100, 'Eau minérale', 'Eau plate ou gazeuse', 1.00, 45, 10, TRUE, 0, 4, 20, 30),
    (101, 'Beurre', 'Beurre doux ou salé', 2.00, 100, 2, FALSE, 0, 4, 17, 32),
    (102, 'Tomates', 'Légumes frais et juteux', 2.50, 120, 2, FALSE, 0, 4, 16, 35),
    (103, 'Yaourts', 'Yaourts nature ou aromatisés', 1.20, 180, 1, FALSE, 0, 4, 17, 38),
    (104, 'Jus d''orange', 'Jus de fruit frais et vitaminé', 3.00, 90, 3, FALSE, 0, 4, 20, 40),
    (105, 'Huile d''olive', 'Huile vierge extra', 5.00, 60, 5, FALSE, 0, 4, 19, 42),
    (106, 'Pommes de terre', 'Légume polyvalent et nourrissant', 1.80, 130, 1, FALSE, 0, 4, 16, 45),
    (107, 'Limonade', 'Boisson rafraîchissante aux agrumes', 1.50, 140, 1, FALSE, 0, 4, 20, 48),
    (108, 'Oeufs', 'Oeufs frais de poule', 2.50, 100, 2, FALSE, 0, 4, 17, 50),
    (109, 'Confiture', 'Confiture de fruits variés', 3.50, 85, 30, TRUE, 0, 4, 19, 52),
    (110, 'Poisson frais', 'Poisson du jour', 8.00, 40, 8, FALSE, 0, 4, 16, 55),
    (111, 'Thon en conserve', 'Thon en boîte', 2.00, 90, 2, FALSE, 0, 4, 19, 58),
    (112, 'Carottes', 'Légume croquant et coloré', 1.50, 150, 1, FALSE, 0, 4, 16, 60),

    (8113, 'Café espresso', 'Café corsé et aromatique', 2.50, 45, 20, TRUE, 0, 5, 21, 12),
    (8114, 'Croissant', 'Viennoiserie feuilletée au beurre', 1.80, 30, 10, TRUE, 0, 5, 22, 15),
    (8115, 'Chocolat chaud', 'Boisson chaude au chocolat onctueux', 3.00, 65, 30, TRUE, 0, 5, 23, 18),
    (8116, 'Cappuccino', 'Café italien avec mousse de lait', 3.50, 67, 30, TRUE, 0, 5, 21, 20),
    (8117, 'Salade de fruits', 'Fruits frais coupés en dés', 4.50, 55, 40, TRUE, 0, 5, 22, 22),
    (8118, 'Sandwich au poulet', 'Sandwich garni de poulet grillé', 5.00, 100, 50, TRUE, 0, 5, 24, 25),
    (8119, 'Smoothie aux fruits rouges', 'Boisson fruitée et rafraîchissante', 4.00, 77, 40, TRUE, 0, 5, 24, 28),
    (8120, 'Salade César', 'Salade verte, poulet grillé, parmesan', 7.50, 87, 70, TRUE, 0, 5, 24, 30),
    (8121, 'Thé vert', 'Thé léger et rafraîchissant', 2.00, 120, 20, TRUE, 0, 5, 21, 32),
    (8122, 'Bagel au saumon fumé', 'Bagel garni de saumon et de fromage frais', 6.00, 60, 6, FALSE, 0, 5, 24, 35),
    (8123, 'Jus de pomme', 'Jus de fruit naturel', 2.50, 140, 2, FALSE, 0, 5, 23, 38),
    (8124, 'Thé à la menthe', 'Thé chaud avec feuilles de menthe', 2.50, 160, 2, FALSE, 0, 5, 21, 40),
    (8125, 'Cake aux fruits', 'Gâteau sucré aux fruits confits', 3.50, 80, 3, FALSE, 0, 5, 22, 42),
    (8126, 'Muffin aux myrtilles', 'Petit gâteau moelleux aux myrtilles', 2.00, 120, 2, FALSE, 0, 5, 22, 45),
    (8127, 'Jus d''orange pressé', 'Jus d''orange frais pressé', 3.00, 100, 3, FALSE, 0, 5, 23, 48),
    (8128, 'Tartelette au citron', 'Petite tartelette sucrée au citron', 4.00, 70, 4, FALSE, 0, 5, 22, 50),
    (8129, 'Eau plate', 'Eau plate naturelle', 1.00, 200, 1, FALSE, 0, 5, 20, 52),
    (8130, 'Tarte aux pommes', 'Tarte sucrée garnie de pommes', 4.50, 60, 4, FALSE, 0, 5, 22, 55),
    (8131, 'Thé noir', 'Thé corsé et parfumé', 2.00, 180, 2, FALSE, 0, 5, 21, 58),
    (8132, 'Yaourt grec', 'Yaourt épais et crémeux', 1.80, 150, 1, FALSE, 0, 5, 17, 60),
    (113, 'Salade César', 'Salade verte, poulet grillé, parmesan', 7.50, 50, 7, FALSE, 0, 6, 26, 12),
    (114, 'Soupe à l''oignon', 'Soupe gratinée à l''oignon', 5.00, 40, 5, FALSE, 0, 6, 26, 15),
    (115, 'Tartare de saumon', 'Saumon frais coupé en dés, assaisonné', 9.00, 30, 9, FALSE, 0, 6, 26, 18),
    (116, 'Pâtes carbonara', 'Pâtes avec sauce à la crème et lardons', 12.00, 40, 12, FALSE, 0, 6, 27, 20),
    (117, 'Steak frites', 'Steak grillé avec frites maison', 15.00, 35, 15, FALSE, 0, 6, 27, 22),
    (118, 'Ratatouille provençale', 'Légumes mijotés au four', 10.00, 25, 10, FALSE, 0, 6, 27, 25),
    (119, 'Tiramisu', 'Dessert italien aux biscuits et mascarpone', 6.00, 50, 6, FALSE, 0, 6, 28, 28),
    (120, 'Crème brûlée', 'Crème vanille caramélisée', 5.00, 45, 5, FALSE, 0, 6, 28, 30),

    (121, 'Tarte aux fruits', 'Tarte sucrée garnie de fruits frais', 8.00, 55, 80, TRUE, 0, 6, 28, 32),
    (122, 'Cocktail de fruits', 'Assortiment de fruits frais', 7.00, 65, 70, TRUE, 0, 6, 29, 35),
    (123, 'Vin rouge - Château Bordeaux', 'Vin rouge de qualité', 20.00, 70, 200, TRUE, 0, 6, 29, 38),
    (124, 'Vin blanc - Chardonnay', 'Vin blanc sec et fruité', 18.00, 25, 18, FALSE, 0, 6, 29, 40),
    (125, 'Coca-Cola', 'Boisson gazeuse rafraîchissante', 2.50, 60, 2, FALSE, 0, 6, 29, 42),
    (126, 'Eau minérale', 'Eau plate ou gazeuse', 1.50, 80, 1, FALSE, 0, 6, 29, 45),
    (127, 'Café expresso', 'Café corsé et aromatique', 2.00, 100, 2, FALSE, 0, 6, 29, 48),

    (128, 'Filet de boeuf', 'Filet de boeuf tendre et savoureux', 30.00, 85, 300, TRUE, 0, 7, 31, 12),
    (129, 'Côtelettes d''agneau', 'Côtelettes d''agneau marinées', 25.00, 96, 250, TRUE, 0, 7, 31, 15),
    (130, 'Escalope de veau', 'Escalope de veau panée et dorée', 18.00, 77, 180, TRUE, 0, 7, 31, 18),
    (131, 'Poulet entier', 'Poulet frais prêt à cuire', 12.00, 100, 120, TRUE, 0, 7, 32, 20),
    (132, 'Saucisson sec', 'Saucisson sec artisanal', 8.00, 53, 80, TRUE, 0, 7, 32, 22),
    (133, 'Jambon cru', 'Jambon cru de qualité', 15.00, 35, 15, FALSE, 0, 7, 32, 25),
    (134, 'Magret de canard', 'Magret de canard grillé', 22.00, 25, 22, FALSE, 0, 7, 31, 28),
    (135, 'Chipolatas', 'Saucisses de porc', 10.00, 40, 10, FALSE, 0, 7, 32, 30),
    (136, 'Boudin noir', 'Boudin noir aux oignons', 8.00, 30, 8, FALSE, 0, 7, 32, 32),
    (137, 'Pâté de campagne', 'Pâté de campagne traditionnel', 6.00, 45, 6, FALSE, 0, 7, 32, 35),
    (138, 'Terrine de gibier', 'Terrine de gibier maison', 9.00, 40, 9, FALSE, 0, 7, 32, 38),
    (139, 'Saucisses de volaille', 'Saucisses de volaille assaisonnées', 7.00, 50, 7, FALSE, 0, 7, 32, 40),
    (140, 'Pâté en croûte', 'Pâté en croûte traditionnel', 12.00, 30, 12, FALSE, 0, 7, 32, 42),

    (141, 'Saumon frais', 'Saumon frais de l''Atlantique', 25.00, 100, 250, TRUE, 0, 8, 36, 12),
    (142, 'Filet de dorade', 'Filet de dorade grillé', 20.00, 120, 200, TRUE, 0, 8, 36, 15),
    (143, 'Coquilles Saint-Jacques', 'Coquilles Saint-Jacques fraîches', 30.00, 150, 300, TRUE, 0, 8, 37, 18),
    (144, 'Crevettes décortiquées', 'Crevettes décortiquées cuites', 18.00, 130, 180, TRUE, 0, 8, 37, 20),
    (145, 'Moules de bouchot', 'Moules de bouchot de la baie', 12.00, 70, 120, TRUE, 0, 8, 37, 22),
    (146, 'Calamar frais', 'Calamar frais entier', 15.00, 25, 15, FALSE, 0, 8, 36, 25),
    (147, 'Sole entière', 'Sole fraîche entière', 28.00, 20, 28, FALSE, 0, 8, 36, 28),
    (148, 'Truite fumée', 'Truite fumée artisanale', 10.00, 35, 10, FALSE, 0, 8, 37, 30),
    (149, 'Anchois marinés', 'Anchois marinés à l''huile d''olive', 8.00, 40, 8, FALSE, 0, 8, 37, 32),
    (150, 'Bar entier', 'Bar frais entier', 35.00, 15, 35, FALSE, 0, 8, 36, 35),
    (151, 'Filet de maquereau', 'Filet de maquereau frais', 12.00, 25, 12, FALSE, 0, 8, 36, 38),
    (152, 'Thon en conserve', 'Thon en conserve de qualité', 5.00, 50, 5, FALSE, 0, 8, 37, 40),

    (153, 'Robe d''été', 'Robe légère et estivale', 40.00, 100, 400, TRUE, 0, 9, 41, 12),
    (154, 'Chemise en lin', 'Chemise en lin pour homme', 35.00, 250, 350, TRUE, 0, 9, 42, 15),
    (155, 'Blazer', 'Blazer élégant pour toutes les occasions', 60.00, 150, 600, TRUE, 0, 9, 41, 18),
    (156, 'Jean slim', 'Jean slim pour un look décontracté', 50.00, 200, 500, TRUE, 0, 9, 42, 20),
    (157, 'Short en jean', 'Short en jean pour l''été', 25.00, 30, 25, FALSE, 0, 9, 41, 22),
    (158, 'T-shirt imprimé', 'T-shirt avec impression graphique', 20.00, 40, 20, FALSE, 0, 9, 42, 25),
    (159, 'Pantalon chino', 'Pantalon chino pour homme', 45.00, 25, 45, FALSE, 0, 9, 41, 28),
    (160, 'Robe de soirée', 'Robe élégante pour les occasions spéciales', 80.00, 15, 80, FALSE, 0, 9, 41, 30),
    (161, 'Chemisier en soie', 'Chemisier en soie pour femme', 55.00, 20, 55, FALSE, 0, 9, 41, 32),
    (162, 'Costume complet', 'Costume complet pour homme', 120.00, 10, 120, FALSE, 0, 9, 42, 35),
    (163, 'Jupe plissée', 'Jupe plissée pour un look rétro', 30.00, 25, 30, FALSE, 0, 9, 41, 38),
    (164, 'Polo classique', 'Polo classique pour homme', 25.00, 30, 25, FALSE, 0, 9, 42, 40),

    (165, 'Bague en argent', 'Bague en argent sterling', 50.00, 20, 500, TRUE, 0, 10, 46, 12),
    (166, 'Collier en or', 'Collier en or 18 carats', 120.00, 15, 600, TRUE, 0, 10, 47, 15),
    (167, 'Bracelet en cuir', 'Bracelet en cuir véritable', 35.00, 25, 350, TRUE, 0, 10, 48, 18),
    (168, 'Boucles d''oreilles pendantes', 'Boucles d''oreilles pendantes en argent', 40.00, 20, 40, FALSE, 0, 10, 49, 20),
    (169, 'Montre chronographe', 'Montre-bracelet chronographe pour homme', 200.00, 10, 200, FALSE, 0, 10, 50, 22),
    (170, 'Pendentif en cristal', 'Pendentif en cristal de Swarovski', 80.00, 15, 80, FALSE, 0, 10, 47, 25),
    (171, 'Alliance de mariage', 'Alliance de mariage en platine', 150.00, 12, 150, FALSE, 0, 10, 46, 28),
    (172, 'Broche en perles', 'Broche ornée de perles fines', 65.00, 20, 65, FALSE, 0, 10, 49, 30),
    (173, 'Montre en acier inoxydable', 'Montre en acier inoxydable pour femme', 150.00, 15, 150, FALSE, 0, 10, 50, 32),
    (174, 'Pendentif cœur', 'Pendentif en forme de cœur en or', 90.00, 18, 90, FALSE, 0, 10, 47, 35),
    (175, 'Bracelet jonc', 'Bracelet jonc en argent rhodié', 60.00, 22, 60, FALSE, 0, 10, 48, 38),
    (176, 'Boucles d''oreilles créoles', 'Boucles d''oreilles créoles en or', 75.00, 700, 750, TRUE, 0, 10, 49, 40),

    (177, 'Marteau en acier', 'Marteau robuste en acier pour différents travaux', 15.00, 75, 150, TRUE, 0, 11, 51, 12),
    (178, 'Visserie assortie', 'Assortiment de vis de différentes tailles et formes', 10.00, 45, 100, TRUE, 0, 11, 54, 15),
    (179, 'Peinture blanche 1L', 'Pot de peinture blanche pour murs et plafonds', 20.00, 30, 83, TRUE, 0, 11, 53, 18),
    (180, 'Gants de protection', 'Paire de gants de travail pour protéger les mains', 8.00, 35, 80, TRUE, 0, 11, 55, 20),
    (181, 'Scie à main', 'Scie à main pour couper le bois et d''autres matériaux', 25.00, 15, 25, FALSE, 0, 11, 51, 22),
    (182, 'Boîte à outils complète', 'Boîte à outils complète avec divers outils', 80.00, 10, 80, FALSE, 0, 11, 54, 25),
    (183, 'Ruban à mesurer', 'Ruban à mesurer de 5 mètres en acier', 5.00, 40, 5, FALSE, 0, 11, 51, 28),
    (184, 'Pince multiprise', 'Pince à bec effilé et mâchoire réglable', 12.00, 25, 12, FALSE, 0, 11, 54, 30),
    (185, 'Échelle en aluminium', 'Échelle pliante en aluminium de 3 mètres', 60.00, 8, 60, FALSE, 0, 11, 52, 32),
    (186, 'Coffret de forets', 'Coffret de forets pour percer différents matériaux', 30.00, 20, 30, FALSE, 0, 11, 51, 35),
    (187, 'Cadenas de sécurité', 'Cadenas à combinaison pour sécuriser les objets', 18.00, 15, 18, FALSE, 0, 11, 55, 38),
    (188, 'Escabeau pliant', 'Escabeau pliant en acier de 2 mètres', 40.00, 12, 40, FALSE, 0, 11, 52, 40),

    (189, 'Lego Classic', 'Boîte de briques Lego classique', 30.00, 97, 300, TRUE, 0, 12, 56, 12),
    (190, 'Poupée Barbie', 'Poupée Barbie avec accessoires', 25.00, 45, 250, TRUE, 0, 12, 56, 15),
    (191, 'Circuit de train en bois', 'Circuit de train en bois avec locomotive', 50.00, 75, 500, TRUE, 0, 12, 59, 18),
    (192, 'Jeu de construction Magna-Tiles', 'Jeu de construction magnétique pour enfants', 40.00, 90, 400, TRUE, 0, 12, 59, 20),
    (193, 'Voiture télécommandée', 'Voiture télécommandée tout-terrain', 35.00, 67, 350, TRUE, 0, 12, 56, 22),
    (194, 'Peluche licorne', 'Peluche douce et câline en forme de licorne', 20.00, 30, 20, FALSE, 0, 12, 58, 25),
    (195, 'Puzzle 1000 pièces', 'Puzzle de 1000 pièces pour les amateurs de casse-tête', 15.00, 10, 15, FALSE, 0, 12, 56, 28),
    (196, 'Jeux de société en famille', 'Jeux de société pour jouer en famille', 45.00, 12, 45, FALSE, 0, 12, 57, 30),
    (197, 'Kit de loisirs créatifs', 'Kit complet pour réaliser des activités artistiques', 25.00, 15, 25, FALSE, 0, 12, 59, 32),
    (198, 'Dinosaure interactif', 'Figurine de dinosaure interactif avec effets sonores', 18.00, 20, 18, FALSE, 0, 12, 56, 35),
    (199, 'Trottinette pliable', 'Trottinette pliable pour les déplacements urbains', 40.00, 10, 40, FALSE, 0, 12, 56, 38),
    (200, 'Circuit de voiture électrique', 'Circuit de voiture électrique avec looping', 60.00, 8, 60, FALSE, 0, 12, 56, 40),
    (201, 'Bouquet de roses rouges', 'Bouquet romantique de roses rouges', 35.00, 15, 35, FALSE, 0, 13, 61, 12),

    (202, 'Plante succulente', 'Plante succulente facile à entretenir', 20.00, 25, 200, TRUE, 0, 13, 62, 15),
    (203, 'Composition florale', 'Composition florale pour décorer la maison', 45.00, 67, 450, TRUE, 0, 13, 63, 18),
    (204, 'Orchidée en pot', 'Orchidée élégante en pot', 30.00, 70, 300, TRUE, 0, 13, 62, 20),
    (205, 'Bouquet de fleurs des champs', 'Bouquet champêtre de fleurs des champs', 25.00, 80, 250, TRUE, 0, 13, 61, 22),
    (206, 'Plante d''intérieur', 'Plante d''intérieur pour purifier l''air', 25.00, 15, 25, FALSE, 0, 13, 62, 25),
    (207, 'Bouquet de tulipes', 'Bouquet coloré de tulipes fraîches', 30.00, 15, 30, FALSE, 0, 13, 61, 28),
    (208, 'Rose éternelle sous cloche', 'Rose éternelle conservée sous cloche en verre', 50.00, 8, 50, FALSE, 0, 13, 61, 30),
    (209, 'Plante grasse', 'Plante grasse décorative pour le bureau', 15.00, 20, 15, FALSE, 0, 13, 62, 32),
    (210, 'Bouquet de fleurs exotiques', 'Bouquet exotique de fleurs tropicales', 40.00, 12, 40, FALSE, 0, 13, 61, 35),
    (211, 'Arbre à bonsaï', 'Petit arbre à bonsaï pour la méditation', 55.00, 8, 55, FALSE, 0, 13, 62, 38),
    (212, 'Roses blanches en pot', 'Roses blanches en pot pour une décoration élégante', 40.00, 10, 40, FALSE, 0, 13, 62, 40),

    (213, 'Shampoing nourrissant', 'Shampoing nourrissant pour cheveux secs', 20.00, 35, 200, TRUE, 0, 14, 70, 12),
    (214, 'Coupe de cheveux femme', 'Coupe de cheveux pour femme', 50.00, 45, 500, TRUE, 0, 14, 66, 15),
    (215, 'Coupe de cheveux homme', 'Coupe de cheveux pour homme', 30.00, 55, 300, TRUE, 0, 14, 66, 18),
    (216, 'Coloration permanente', 'Coloration permanente pour changer de couleur', 60.00, 65, 600, TRUE, 0, 14, 67, 20),
    (217, 'Brushing express', 'Brushing express pour une mise en forme rapide', 25.00, 20, 25, FALSE, 0, 14, 66, 22),
    (218, 'Coiffure événementielle', 'Coiffure élaborée pour un événement spécial', 80.00, 10, 80, FALSE, 0, 14, 68, 25),
    (219, 'Traitement capillaire', 'Traitement pour nourrir et réparer les cheveux', 35.00, 15, 35, FALSE, 0, 14, 69, 28),
    (220, 'Coiffure pour mariage', 'Coiffure sophistiquée pour le jour du mariage', 100.00, 8, 100, FALSE, 0, 14, 68, 30),
    (221, 'Lissage brésilien', 'Lissage brésilien pour des cheveux lisses et brillants', 120.00, 5, 120, FALSE, 0, 14, 67, 32),
    (222, 'Coiffure pour enfants', 'Coupe de cheveux adaptée aux enfants', 20.00, 15, 20, FALSE, 0, 14, 70, 35),
    (223, 'Coiffure homme stylée', 'Coiffure tendance pour homme', 40.00, 20, 40, FALSE, 0, 14, 66, 38),
    (224, 'Masque capillaire réparateur', 'Masque capillaire pour réparer les cheveux abîmés', 25.00, 20, 25, FALSE, 0, 14, 69, 40),

    (225, 'Monture de lunettes classique', 'Monture de lunettes classique pour hommes et femmes', 80.00, 70, 800, TRUE, 0, 15, 71, 12),
    (226, 'Lunettes de soleil polarisées', 'Lunettes de soleil polarisées pour se protéger du soleil', 120.00, 80, 1200, TRUE, 0, 15, 72, 15),
    (227, 'Lentilles de contact mensuelles', 'Boîte de lentilles de contact mensuelles', 40.00, 90, 400, TRUE, 0, 15, 73, 18),
    (228, 'Lunettes de vue enfants', 'Monture de lunettes de vue pour enfants', 60.00, 59, 600, TRUE, 0, 15, 71, 20),
    (229, 'Lunettes de lecture', 'Lunettes de lecture pour corriger la vision de près', 25.00, 20, 25, FALSE, 0, 15, 71, 22),
    (230, 'Lentilles de contact journalières', 'Boîte de lentilles de contact journalières', 50.00, 30, 50, FALSE, 0, 15, 73, 25),
    (231, 'Monture de lunettes tendance', 'Monture de lunettes tendance pour hommes et femmes', 100.00, 18, 100, FALSE, 0, 15, 71, 28),
    (232, 'Lunettes de natation', 'Lunettes de natation pour protéger les yeux dans l''eau', 30.00, 20, 30, FALSE, 0, 15, 71, 30),
    (233, 'Étui à lunettes', 'Étui à lunettes pour protéger les lunettes', 15.00, 25, 15, FALSE, 0, 15, 75, 32),
    (234, 'Solution multifonction pour lentilles', 'Solution pour nettoyer et entretenir les lentilles', 20.00, 20, 20, FALSE, 0, 15, 74, 35),
    (235, 'Spray nettoyant pour lunettes', 'Spray nettoyant pour lunettes et lingettes', 10.00, 30, 10, FALSE, 0, 15, 75, 38),
    (236, 'Lunettes anti-lumière bleue', 'Lunettes pour protéger les yeux de la lumière bleue', 45.00, 15, 45, FALSE, 0, 15, 71, 40),

    (237, 'Camembert de Normandie', 'Camembert de Normandie au lait cru', 6.00, 40, 60, TRUE, 0, 16, 76, 12),
    (238, 'Comté affiné 18 mois', 'Comté affiné 18 mois pour une saveur intense', 12.00, 65, 120, TRUE, 0, 16, 79, 15),
    (239, 'Brie de Meaux', 'Brie de Meaux au lait de vache', 8.00, 35, 80, TRUE, 0, 16, 76, 18),
    (240, 'Roquefort AOP', 'Roquefort AOP pour les amateurs de fromage bleu', 10.00, 45, 100, TRUE, 0, 16, 77, 20),
    (241, 'Morbier', 'Morbier à la pâte souple et à la croûte lavée', 9.00, 20, 9, FALSE, 0, 16, 76, 22),
    (242, 'Saint-Nectaire fermier', 'Saint-Nectaire fermier au lait cru', 7.00, 25, 7, FALSE, 0, 16, 76, 25),
    (243, 'Munster fermier', 'Munster fermier au lait de vache', 9.00, 18, 9, FALSE, 0, 16, 76, 28),
    (244, 'Tomme de Savoie', 'Tomme de Savoie au lait cru et à la pâte pressée', 10.00, 20, 10, FALSE, 0, 16, 76, 30),
    (245, 'Pont-l''Évêque', 'Pont-l''Évêque au lait cru et à la croûte lavée', 7.00, 25, 7, FALSE, 0, 16, 76, 32),
    (246, 'Chèvre frais', 'Chèvre frais à la texture crémeuse', 6.00, 30, 6, FALSE, 0, 16, 77, 35),
    (247, 'Reblochon fermier', 'Reblochon fermier au lait cru de Savoie', 11.00, 15, 11, FALSE, 0, 16, 76, 38),
    (248, 'Emmental français', 'Emmental français à la saveur douce et fruitée', 8.00, 20, 8, FALSE, 0, 16, 76, 40),

    (249, 'Éclair au chocolat', 'Éclair au chocolat garni de crème pâtissière', 3.50, 67, 30, TRUE, 0, 17, 82, 12),
    (250, 'Tarte aux fruits rouges', 'Tarte aux fruits rouges frais de saison', 20.00, 77, 200, TRUE, 0, 17, 82, 15),
    (251, 'Millefeuille croustillant', 'Millefeuille croustillant aux fines feuilles de pâte', 5.00, 88, 50, TRUE, 0, 17, 84, 18),
    (252, 'Macaron fondant', 'Macaron fondant aux différentes saveurs', 2.00, 36, 20, TRUE, 0, 17, 84, 20),
    (253, 'Baba au rhum', 'Baba au rhum imbibé de sirop et parfumé au rhum', 4.00, 40, 4, FALSE, 0, 17, 84, 22),
    (254, 'Tartelette au citron meringuée', 'Tartelette au citron avec une meringue légère', 3.00, 50, 3, FALSE, 0, 17, 82, 25),
    (255, 'Chouquette craquante', 'Chouquette craquante garnie de sucre perlé', 1.50, 80, 1, FALSE, 0, 17, 82, 28),
    (256, 'Cupcake gourmand', 'Cupcake moelleux avec un glaçage gourmand', 2.50, 60, 2, FALSE, 0, 17, 83, 30),
    (257, 'Tarte au chocolat intense', 'Tarte au chocolat avec une ganache onctueuse', 25.00, 10, 25, FALSE, 0, 17, 82, 32),
    (258, 'Pain au chocolat feuilleté', 'Pain au chocolat feuilleté au beurre frais', 1.50, 100, 1, FALSE, 0, 17, 85, 35),
    (259, 'Paris-Brest généreux', 'Paris-Brest généreusement garni de crème pralinée', 6.00, 40, 6, FALSE, 0, 17, 82, 38),
    (260, 'Tarte aux pommes caramélisées', 'Tarte aux pommes caramélisées et fondante', 4.00, 30, 4, FALSE, 0, 17, 82, 40),

    (261, 'Bottes en cuir pour femmes', 'Bottes en cuir élégantes pour femmes', 80.00, 250, 800, TRUE, 0, 18, 86, 12),
    (262, 'Chaussures de sport pour hommes', 'Chaussures de sport confortables pour hommes', 70.00, 200, 700, TRUE, 0, 18, 89, 15),
    (263, 'Escarpins classiques', 'Escarpins classiques pour toutes les occasions', 50.00, 25, 350, TRUE, 0, 18, 86, 18),
    (264, 'Baskets légères pour enfants', 'Baskets légères et colorées pour enfants', 30.00, 30, 330, TRUE, 0, 18, 88, 20),
    (265, 'Chaussures de marche pour hommes', 'Chaussures de marche robustes pour hommes', 60.00, 18, 60, FALSE, 0, 18, 89, 22),
    (266, 'Sandales estivales pour femmes', 'Sandales estivales confortables pour femmes', 40.00, 20, 40, FALSE, 0, 18, 86, 25),
    (267, 'Bottes de pluie pour enfants', 'Bottes de pluie colorées pour les jours de pluie', 25.00, 25, 25, FALSE, 0, 18, 88, 28),
    (268, 'Chaussures de randonnée', 'Chaussures de randonnée imperméables pour hommes', 90.00, 15, 90, FALSE, 0, 18, 89, 30),
    (269, 'Mocassins en cuir pour hommes', 'Mocassins en cuir élégants pour hommes', 55.00, 20, 55, FALSE, 0, 18, 89, 32),
    (270, 'Ballerines pour femmes', 'Ballerines confortables et légères pour femmes', 35.00, 25, 35, FALSE, 0, 18, 86, 35),
    (271, 'Chaussons douillets pour enfants', 'Chaussons douillets pour enfants avec motifs amusants', 20.00, 30, 20, FALSE, 0, 18, 88, 38),
    (272, 'Derbies élégantes pour hommes', 'Derbies élégantes et intemporelles pour hommes', 65.00, 18, 65, FALSE, 0, 18, 89, 40),

    (273, 'iPhone 15 Pro', 'Le dernier modèle d''iPhone avec des fonctionnalités avancées.', 1200.00, 50, 10, FALSE, 0, 19, 1156, 50),
    (274, 'Ordinateur portable ultra-fin', 'Ordinateur portable léger et puissant pour une utilisation quotidienne.', 999.99, 30, 5, FALSE, 0, 19, 1157, 35),
    (275, 'Machine à laver intelligente', 'Machine à laver avec des fonctions intelligentes pour rendre le lavage plus efficace.', 899.00, 20, 8, FALSE, 0, 19, 1158, 25),
    (276, 'Enceinte Bluetooth étanche', 'Enceinte portable étanche pour une écoute sans souci en extérieur.', 79.99, 100, 799, TRUE, 0, 19, 1159, 70),
    (277, 'Coque de téléphone transparente', 'Coque de téléphone transparente pour protéger votre téléphone sans cacher son design.', 12.99, 200, 1, FALSE, 0, 19, 1160, 120),
    (278, 'Écouteurs sans fil', 'Écouteurs sans fil avec une qualité sonore exceptionnelle.', 149.99, 80, 3, FALSE, 0, 19, 1159, 90),
    (279, 'Chargeur solaire portable', 'Chargeur solaire portable pour recharger vos appareils en déplacement.', 49.99, 60, 499, TRUE, 0, 19, 1160, 60),
    (280, 'Télévision Ultra HD 4K', 'Télévision Ultra HD 4K avec une image époustouflante.', 999.00, 25, 10, FALSE, 0, 19, 1159, 40),
    (281, 'Casque de réalité virtuelle', 'Casque de réalité virtuelle pour une expérience immersive.', 299.99, 40, 1, FALSE, 0, 19, 1160, 80),
    (282, 'Imprimante multifonction', 'Imprimante multifonction pour une productivité maximale à la maison.', 199.00, 120, 1, FALSE, 0, 19, 1157, 100),
    (283, 'Disque dur externe 2 To', 'Disque dur externe de grande capacité pour stocker tous vos fichiers.', 129.99, 70, 2, FALSE, 0, 19, 1157, 80),
    (284, 'Souris de jeu sans fil', 'Souris de jeu sans fil avec un suivi précis et une réactivité instantanée.', 59.99, 50, 599, TRUE, 0, 19, 1160, 65),
    (285, 'Routeur Wi-Fi Mesh', 'Routeur Wi-Fi Mesh pour une couverture Internet optimale dans toute la maison.', 179.99, 30, 3, FALSE, 0, 19, 1157, 50),
    (286, 'Caméra de sécurité intelligente', 'Caméra de sécurité intelligente avec vision nocturne et détection de mouvement.', 89.99, 40, 1, FALSE, 0, 19, 1159, 70),
    (287, 'Ensemble de haut-parleurs 5.1', 'Ensemble de haut-parleurs 5.1 pour une expérience audio cinématographique à domicile.', 249.99, 20, 5, FALSE, 0, 19, 1159, 40),
    (288, 'Câble de chargement USB-C', 'Câble de chargement USB-C durable et rapide pour une charge efficace.', 19.99, 150, 199, TRUE, 0, 19, 1160, 110),
    (289, 'Lampe de bureau LED', 'Lampe de bureau LED avec plusieurs niveaux de luminosité et réglage de la couleur.', 39.99, 100, 2, FALSE, 0, 19, 1160, 75),
    (290, 'Webcam HD 1080p', 'Webcam HD 1080p pour des appels vidéo clairs et nets.', 69.99, 80, 3, FALSE, 0, 19, 1157, 90),
    (291, 'Clavier mécanique RGB', 'Clavier mécanique RGB avec des switches réactifs pour une expérience de frappe optimale.', 129.99, 60, 4, FALSE, 0, 19, 1160, 55),
    (292, 'Écran de gaming 27 pouces', 'Écran de gaming 27 pouces avec un taux de rafraîchissement élevé pour des graphismes fluides.', 399.00, 40, 2, FALSE, 0, 19, 1157, 70),

    (293, 'Boucles d''oreilles en argent', 'Boucles d''oreilles élégantes en argent pour compléter n''importe quelle tenue.', 49.99, 50, 5, FALSE, 0, 20, 1161, 60),
    (294, 'Montre-bracelet à quartz', 'Montre-bracelet à quartz avec un design sophistiqué.', 79.99, 30, 7, FALSE, 0, 20, 1161, 70),
    (295, 'Coffret de parfum floral', 'Coffret de parfum floral comprenant plusieurs fragrances exquises.', 59.99, 20, 6, FALSE, 0, 20, 1161, 55),
    (296, 'Sac à main en cuir véritable', 'Sac à main en cuir véritable pour un style élégant et pratique.', 129.99, 40, 10, FALSE, 0, 20, 1161, 80),
    (297, 'Châle en laine douce', 'Châle en laine douce pour se réchauffer avec élégance.', 39.99, 100, 3, FALSE, 0, 20, 1161, 90),
    (298, 'Set de rasage pour homme', 'Set de rasage pour homme avec tout le nécessaire pour une barbe soignée.', 34.99, 80, 349, TRUE, 0, 20, 1162, 65),
    (299, 'Portefeuille en cuir pour homme', 'Portefeuille en cuir pour homme avec plusieurs compartiments pour organiser ses cartes.', 49.99, 60, 5, FALSE, 0, 20, 1162, 75),
    (300, 'Cravate en soie élégante', 'Cravate en soie élégante pour compléter le look formel.', 29.99, 120, 2, FALSE, 0, 20, 1162, 100),
    (301, 'Jeu de construction LEGO', 'Jeu de construction LEGO pour stimuler la créativité des enfants.', 79.99, 150, 8, FALSE, 0, 20, 1163, 110),
    (302, 'Poupée en peluche douce', 'Poupée en peluche douce pour câliner et jouer.', 19.99, 200, 199, TRUE, 0, 20, 1163, 120),
    (303, 'Voiture télécommandée', 'Voiture télécommandée pour des heures de jeu amusantes.', 49.99, 100, 5, FALSE, 0, 20, 1163, 90),
    (304, 'Album photo personnalisé', 'Album photo personnalisé pour conserver les souvenirs spéciaux.', 24.99, 80, 2, FALSE, 0, 20, 1164, 70),
    (305, 'Tasse personnalisée avec photo', 'Tasse personnalisée avec la photo de votre choix pour une touche personnelle.', 15.99, 150, 1, FALSE, 0, 20, 1164, 85),
    (306, 'Cadre photo romantique', 'Cadre photo romantique pour afficher vos moments précieux.', 19.99, 120, 199, TRUE, 0, 20, 1164, 60),
    (307, 'Bougie parfumée à la vanille', 'Bougie parfumée à la vanille pour créer une ambiance chaleureuse.', 9.99, 200, 99, TRUE, 0, 20, 1165, 40),
    (308, 'Guirlande lumineuse décorative', 'Guirlande lumineuse décorative pour égayer n''importe quel espace.', 29.99, 100, 2, FALSE, 0, 20, 1165, 70),
    (309, 'Coussin décoratif à motif géométrique', 'Coussin décoratif à motif géométrique pour ajouter une touche moderne à votre canapé.', 19.99, 80, 1, FALSE, 0, 20, 1165, 45),
    (310, 'Bouquet de fleurs artificielles', 'Bouquet de fleurs artificielles pour une touche de nature dans votre maison.', 39.99, 60, 3, FALSE, 0, 20, 1165, 55),
    (311, 'Cadre photo en forme de cœur', 'Cadre photo en forme de cœur pour montrer votre amour.', 14.99, 90, 2, FALSE, 0, 20, 1164, 30),
    (312, 'Veilleuse LED licorne', 'Veilleuse LED licorne pour éclairer doucement la nuit.', 19.99, 70, 199, TRUE, 0, 20, 1163, 60),

    (313, 'Album CD Pop Hits', 'Compilation des plus grands succès pop du moment.', 19.99, 50, 199, TRUE, 0, 21, 1166, 60),
    (314, 'Vinyle classique Beethoven', 'Vinyle de l''œuvre classique de Beethoven interprétée par un orchestre renommé.', 29.99, 30, 3, FALSE, 0, 21, 1166, 70),
    (315, 'CD Jazz Fusion', 'Album de jazz fusion mettant en vedette des artistes renommés.', 24.99, 20, 2, FALSE, 0, 21, 1166, 55),
    (316, 'Vinyle rock alternatif', 'Vinyle contenant des chansons emblématiques du mouvement rock alternatif.', 34.99, 40, 5, FALSE, 0, 21, 1166, 80),
    (317, 'Flûte traversière professionnelle', 'Flûte traversière professionnelle pour les musiciens avancés.', 999.99, 100, 10, FALSE, 0, 21, 1167, 120),
    (318, 'Guitare acoustique débutant', 'Guitare acoustique idéale pour les débutants.', 199.99, 80, 8, FALSE, 0, 21, 1167, 85),
    (319, 'Piano numérique avec support', 'Piano numérique complet avec support pour les pianistes en herbe.', 599.99, 60, 12, FALSE, 0, 21, 1167, 100),
    (320, 'Tambourin de qualité professionnelle', 'Tambourin de qualité professionnelle pour ajouter une texture rythmique à vos morceaux.', 49.99, 120, 5, FALSE, 0, 21, 1167, 70),
    (321, 'Méthode de piano pour débutants', 'Méthode de piano interactive pour apprendre les bases du piano.', 29.99, 150, 299, TRUE, 0, 21, 1168, 80),
    (322, 'Métronome électronique avancé', 'Métronome électronique avancé avec des fonctionnalités programmables.', 39.99, 100, 2, FALSE, 0, 21, 1168, 65),
    (323, 'Accordeur chromatique à pince', 'Accordeur chromatique à pince pour un accordage précis de tous les instruments.', 19.99, 200, 1, FALSE, 0, 21, 1168, 90),
    (324, 'Biographie de Mozart', 'Biographie détaillée du célèbre compositeur Wolfgang Amadeus Mozart.', 25.00, 80, 2, FALSE, 0, 21, 1169, 70),
    (325, 'Livre sur l''histoire du rock', 'Livre traitant de l''histoire du rock, de ses origines à son évolution.', 19.99, 120, 1, FALSE, 0, 21, 1169, 60),
    (326, 'Théorie musicale pour débutants', 'Guide pratique de la théorie musicale pour les musiciens débutants.', 14.99, 150, 1, FALSE, 0, 21, 1169, 50),
    (327, 'Boîte à musique en bois', 'Boîte à musique en bois avec une mélodie classique.', 29.99, 70, 299, TRUE, 0, 21, 1170, 40),
    (328, 'Figurine décorative violoniste', 'Figurine décorative représentant un violoniste pour les amoureux de musique.', 34.99, 50, 4, FALSE, 0, 21, 1170, 60),
    (329, 'Boîte à musique avec danseuse', 'Boîte à musique avec une danseuse qui tourne au son de la musique.', 44.99, 40, 5, FALSE, 0, 21, 1170, 80),
    (330, 'Statuette de claveciniste', 'Statuette représentant un claveciniste pour décorer votre espace musical.', 24.99, 60, 2, FALSE, 0, 21, 1170, 70),
    (331, 'Boîte à musique en forme de piano', 'Boîte à musique en forme de piano pour une décoration originale.', 39.99, 80, 3, FALSE, 0, 21, 1170, 90),
    (332, 'Figurine en résine guitariste', 'Figurine en résine représentant un guitariste pour les collectionneurs.', 49.99, 40, 4, FALSE, 0, 21, 1170, 65),

    (8333, 'Planche de surf', 'Planche de surf polyvalente pour les vagues de toutes tailles.', 499.99, 50, 5, FALSE, 0, 22, 1171, 60),
    (8334, 'Vélo tout terrain', 'Vélo tout terrain robuste pour les descentes et les chemins accidentés.', 899.99, 30, 10, FALSE, 0, 22, 1171, 70),
    (8335, 'Paire de rollers freestyle', 'Rollers freestyle pour réaliser des figures et des acrobaties.', 149.99, 20, 7, FALSE, 0, 22, 1171, 55),
    (8336, 'Casque de vélo de montagne', 'Casque de vélo de montagne léger et ventilé pour une protection optimale.', 79.99, 40, 3, FALSE, 0, 22, 1174, 80),
    (8337, 'Harnais de parapente', 'Harnais de parapente confortable et sécurisé pour les vols en altitude.', 299.99, 100, 8, FALSE, 0, 22, 1173, 120),
    (8338, 'Corde d''escalade dynamique', 'Corde d''escalade dynamique de haute qualité pour les ascensions difficiles.', 159.99, 80, 6, FALSE, 0, 22, 1173, 85),
    (8339, 'Lunettes de soleil polarisées', 'Lunettes de soleil polarisées pour une vision claire et protégée pendant les activités.', 59.99, 60, 5, FALSE, 0, 22, 1173, 100),
    (8340, 'Gants de ski imperméables', 'Gants de ski imperméables et isolés pour garder les mains au chaud et au sec.', 49.99, 120, 4, FALSE, 0, 22, 1172, 70),
    (8341, 'Caméra d''action 4K', 'Caméra d''action 4K pour capturer tous vos exploits en haute définition.', 199.99, 150, 12, FALSE, 0, 22, 1173, 110),
    (8342, 'Sac à dos de randonnée', 'Sac à dos de randonnée spacieux et confortable pour les aventures en plein air.', 129.99, 200, 10, FALSE, 0, 22, 1173, 90),
    (8343, 'Trottinette tout terrain', 'Trottinette tout terrain pliable pour les déplacements urbains et hors route.', 199.99, 100, 8, FALSE, 0, 22, 1171, 80),
    (8344, 'Casque de ski et snowboard', 'Casque de ski et snowboard durable et protecteur pour les descentes rapides.', 89.99, 80, 6, FALSE, 0, 22, 1174, 70),
    (8345, 'Chaussures de randonnée imperméables', 'Chaussures de randonnée imperméables pour une traction et un soutien optimaux.', 149.99, 60, 7, FALSE, 0, 22, 1172, 90),
    (8346, 'Gourde isolée en acier inoxydable', 'Gourde isolée en acier inoxydable pour garder vos boissons fraîches pendant les activités.', 29.99, 150, 2, FALSE, 0, 22, 1173, 60),
    (8347, 'Gilet de sauvetage pour kayak', 'Gilet de sauvetage pour kayak confortable et sécurisé pour les sorties en eau vive.', 69.99, 120, 4, FALSE, 0, 22, 1174, 80),
    (8348, 'Lampe frontale rechargeable', 'Lampe frontale rechargeable avec plusieurs modes d''éclairage pour les aventures nocturnes.', 39.99, 100, 3, FALSE, 0, 22, 1173, 70),
    (8349, 'Crampons d''escalade', 'Crampons d''escalade légers et résistants pour une adhérence sûre sur la glace et le roc.', 149.99, 80, 5, FALSE, 0, 22, 1173, 85),
    (8350, 'Guide de survie en milieu sauvage', 'Guide de survie complet pour vous aider à naviguer et à survivre dans la nature.', 19.99, 60, 199, TRUE, 0, 22, 1175, 50),
    (8351, 'DVD documentaire sur l''alpinisme', 'DVD documentaire sur les expéditions d''alpinisme les plus extrêmes.', 29.99, 50, 299, TRUE, 0, 22, 1175, 65),
    (8352, 'Guide des meilleurs spots de surf', 'Guide détaillé des meilleurs spots de surf à travers le monde.', 24.99, 80, 249, TRUE, 0, 22, 1175, 75),

    (333, 'Perceuse sans fil', 'Perceuse sans fil pour une utilisation pratique sur les chantiers.', 99.99, 50, 5, FALSE, 0, 23, 1176, 60),
    (334, 'Scie circulaire électrique', 'Scie circulaire électrique pour la coupe précise de divers matériaux.', 129.99, 30, 7, FALSE, 0, 23, 1176, 70),
    (335, 'Lot de peinture acrylique', 'Lot de peinture acrylique de haute qualité pour des projets artistiques.', 49.99, 20, 6, FALSE, 0, 23, 1178, 55),
    (336, 'Boîte de visserie assortie', 'Boîte de visserie assortie contenant diverses tailles et types de vis.', 19.99, 40, 199, TRUE, 0, 23, 1179, 80),
    (337, 'Casque de sécurité ajustable', 'Casque de sécurité ajustable pour protéger la tête lors de travaux.', 29.99, 100, 10, FALSE, 0, 23, 1180, 120),
    (338, 'Échelle télescopique en aluminium', 'Échelle télescopique en aluminium pour atteindre différentes hauteurs.', 129.99, 80, 8, FALSE, 0, 23, 1176, 85),
    (339, 'Pinceau professionnel', 'Pinceau professionnel en poils synthétiques pour une application uniforme de la peinture.', 9.99, 150, 3, FALSE, 0, 23, 1178, 90),
    (340, 'Rouleau à peinture anti-goutte', 'Rouleau à peinture anti-goutte pour une application propre et uniforme.', 12.99, 120, 129, TRUE, 0, 23, 1178, 100),
    (341, 'Coffret d''outils complet', 'Coffret d''outils complet avec une variété d''outils pour tous les besoins.', 199.99, 60, 12, FALSE, 0, 23, 1176, 110),
    (342, 'Pack de 500 clous', 'Pack de 500 clous de différentes tailles pour diverses applications.', 14.99, 200, 2, FALSE, 0, 23, 1179, 70),
    (343, 'Gants de travail résistants', 'Gants de travail résistants pour protéger les mains lors de manipulations.', 19.99, 150, 3, FALSE, 0, 23, 1180, 60),
    (344, 'Lunettes de protection anti-éclats', 'Lunettes de protection anti-éclats pour protéger les yeux des particules volantes.', 9.99, 200, 1, FALSE, 0, 23, 1180, 50),
    (345, 'Rallonge électrique 10 mètres', 'Rallonge électrique de 10 mètres pour une alimentation électrique pratique.', 24.99, 100, 2, FALSE, 0, 23, 1176, 65),
    (346, 'Tuyau d''arrosage renforcé', 'Tuyau d''arrosage renforcé pour un arrosage efficace du jardin.', 39.99, 80, 3, FALSE, 0, 23, 1177, 80),
    (347, 'Seau de peinture 10 litres', 'Seau de peinture 10 litres pour les gros travaux de peinture.', 29.99, 120, 2, FALSE, 0, 23, 1178, 70),
    (348, 'Rouleau adhésif double face', 'Rouleau adhésif double face pour fixer solidement divers matériaux.', 7.99, 200, 1, FALSE, 0, 23, 1179, 40),
    (349, 'Ruban de masquage professionnel', 'Ruban de masquage professionnel pour des lignes de peinture nettes.', 5.99, 250, 59, TRUE, 0, 23, 1178, 45),
    (350, 'Ponceuse orbitale électrique', 'Ponceuse orbitale électrique pour préparer les surfaces avant la peinture.', 79.99, 70, 5, FALSE, 0, 23, 1176, 75),
    (351, 'Escabeau pliant en aluminium', 'Escabeau pliant en aluminium pour atteindre les endroits élevés en toute sécurité.', 49.99, 90, 4, FALSE, 0, 23, 1176, 85),
    (352, 'Projecteur de chantier LED', 'Projecteur de chantier LED portable pour éclairer les zones de travail.', 59.99, 60, 3, FALSE, 0, 23, 1176, 95),

    (353, 'Eau de parfum florale', 'Eau de parfum florale avec des notes fraîches et florales.', 59.99, 50, 5, FALSE, 0, 24, 1181, 60),
    (354, 'Eau de toilette boisée', 'Eau de toilette boisée avec des notes chaudes et boisées.', 69.99, 30, 7, FALSE, 0, 24, 1182, 70),
    (355, 'Eau de cologne fruitée', 'Eau de cologne fruitée avec des notes acidulées et rafraîchissantes.', 49.99, 20, 6, FALSE, 0, 24, 1181, 55),
    (356, 'Parfum pour enfants doux', 'Parfum pour enfants doux et délicat, adapté à leur peau sensible.', 29.99, 40, 2, FALSE, 0, 24, 1183, 80),
    (357, 'Coffret parfumé pour elle', 'Coffret parfumé pour elle contenant une sélection de parfums populaires.', 99.99, 100, 10, FALSE, 0, 24, 1185, 120),
    (358, 'Crème hydratante pour le visage', 'Crème hydratante pour le visage pour une peau douce et hydratée.', 39.99, 80, 8, FALSE, 0, 24, 1184, 85),
    (359, 'Lotion pour le corps parfumée', 'Lotion pour le corps parfumée pour une peau délicatement parfumée.', 19.99, 150, 3, FALSE, 0, 24, 1184, 90),
    (360, 'Gel douche rafraîchissant', 'Gel douche rafraîchissant pour une expérience de douche revigorante.', 14.99, 120, 149, TRUE, 0, 24, 1184, 100),
    (361, 'Eau de parfum orientale', 'Eau de parfum orientale avec des notes chaudes et épicées.', 79.99, 60, 12, FALSE, 0, 24, 1181, 110),
    (362, 'Déodorant spray sans alcool', 'Déodorant spray sans alcool pour une protection longue durée.', 9.99, 200, 2, FALSE, 0, 24, 1184, 70),
    (363, 'Coffret parfumé pour lui', 'Coffret parfumé pour lui comprenant une sélection de parfums masculins.', 89.99, 150, 10, FALSE, 0, 24, 1185, 80),
    (364, 'Huile de massage parfumée', 'Huile de massage parfumée pour une expérience de relaxation sensorielle.', 24.99, 100, 5, FALSE, 0, 24, 1184, 65),
    (365, 'Baume à lèvres hydratant', 'Baume à lèvres hydratant pour des lèvres douces et soignées.', 7.99, 250, 2, FALSE, 0, 24, 1184, 50),
    (366, 'Eau de parfum unisexe', 'Eau de parfum unisexe aux notes fraîches et modernes.', 69.99, 150, 7, FALSE, 0, 24, 1181, 75),
    (367, 'Crème pour les mains parfumée', 'Crème pour les mains parfumée pour des mains douces et parfumées.', 12.99, 200, 129, TRUE, 0, 24, 1184, 90),
    (368, 'Gel exfoliant pour le corps', 'Gel exfoliant pour le corps pour une peau lisse et revitalisée.', 16.99, 150, 4, FALSE, 0, 24, 1184, 80),
    (369, 'Parfum solide de voyage', 'Parfum solide de voyage pour une retouche parfumée en déplacement.', 19.99, 120, 3, FALSE, 0, 24, 1181, 95),
    (370, 'Eau de toilette fraîche', 'Eau de toilette fraîche avec des notes légères et rafraîchissantes.', 54.99, 100, 6, FALSE, 0, 24, 1181, 70),
    (371, 'Gel coiffant parfumé', 'Gel coiffant parfumé pour une coiffure parfumée toute la journée.', 11.99, 200, 119, TRUE, 0, 24, 1184, 60),
    (372, 'Eau de parfum intense', 'Eau de parfum intense avec des notes profondes et envoûtantes.', 89.99, 80, 5, FALSE, 0, 24, 1181, 85),

    (373, 'Tissu jacquard pour rideaux', 'Tissu jacquard épais pour la confection de rideaux élégants.', 29.99, 50, 5, FALSE, 0, 25, 1186, 60),
    (374, 'Coton imprimé pour coussins', 'Coton imprimé coloré pour la fabrication de coussins décoratifs.', 12.99, 30, 7, FALSE, 0, 25, 1186, 70),
    (375, 'Tissu satiné pour robes', 'Tissu satiné de qualité pour la création de robes de soirée.', 19.99, 20, 199, TRUE, 0, 25, 1187, 55),
    (376, 'Lin naturel pour nappes', 'Lin naturel doux pour la confection de nappes élégantes.', 24.99, 40, 2, FALSE, 0, 25, 1186, 80),
    (377, 'Tissu stretch pour leggings', 'Tissu stretch confortable pour la fabrication de leggings ajustés.', 14.99, 100, 10, FALSE, 0, 25, 1187, 120),
    (378, 'Velours côtelé pour pantalons', 'Velours côtelé doux pour la réalisation de pantalons confortables.', 34.99, 80, 8, FALSE, 0, 25, 1187, 85),
    (379, 'Tulle pour robes de soirée', 'Tulle léger pour la création de robes de soirée élégantes.', 9.99, 150, 3, FALSE, 0, 25, 1187, 90),
    (380, 'Tissu polaire pour plaids', 'Tissu polaire doux et chaud pour la fabrication de plaids confortables.', 8.99, 120, 89, TRUE, 0, 25, 1186, 100),
    (381, 'Tissu imperméable pour coussins extérieurs', 'Tissu imperméable résistant aux intempéries pour les coussins extérieurs.', 16.99, 60, 12, FALSE, 0, 25, 1186, 110),
    (382, 'Ruban satiné pour finitions', 'Ruban satiné pour les finitions élégantes des vêtements et accessoires.', 4.99, 200, 2, FALSE, 0, 25, 1188, 70),
    (383, 'Fermeture éclair invisible', 'Fermeture éclair invisible pour les vêtements et les articles de décoration.', 3.99, 150, 1, FALSE, 0, 25, 1188, 60),
    (384, 'Fil à coudre haute résistance', 'Fil à coudre haute résistance pour des coutures solides et durables.', 2.99, 250, 1, FALSE, 0, 25, 1188, 50),
    (385, 'Boutons fantaisie assortis', 'Boutons fantaisie assortis pour agrémenter les vêtements et accessoires.', 1.99, 120, 3, FALSE, 0, 25, 1188, 40),
    (386, 'Kit de couture de voyage', 'Kit de couture compact pour les réparations rapides en déplacement.', 7.99, 100, 2, FALSE, 0, 25, 1189, 65),
    (387, 'Patrons de couture pour débutants', 'Patrons de couture faciles à suivre pour les débutants en couture.', 9.99, 150, 99, TRUE, 0, 25, 1190, 80),
    (388, 'Pince à coudre multifonction', 'Pince à coudre multifonction pour diverses tâches de couture.', 12.99, 120, 4, FALSE, 0, 25, 1188, 90),
    (389, 'Assortiment de perles et paillettes', 'Assortiment de perles et paillettes pour les projets de couture créative.', 6.99, 200, 2, FALSE, 0, 25, 1189, 70),
    (390, 'Épingles de sûreté en acier', 'Épingles de sûreté en acier pour fixer temporairement les tissus.', 3.99, 250, 1, FALSE, 0, 25, 1188, 55),
    (391, 'Tissu thermocollant pour ourlets', 'Tissu thermocollant pour des ourlets faciles et durables.', 5.99, 150, 3, FALSE, 0, 25, 1186, 75),
    (392, 'Pied presseur pour surjeteuse', 'Pied presseur spécial pour la réalisation de coutures surjeteuses.', 19.99, 80, 199, TRUE, 0, 25, 1188, 85),
    (393, 'Sac à main en cuir de veau', 'Sac à main élégant en cuir de veau de première qualité.', 499.99, 50, 5, FALSE, 0, 26, 91, 60),
    (394, 'Portefeuille en cuir italien', 'Portefeuille en cuir italien avec compartiments multiples.', 199.99, 30, 7, FALSE, 0, 26, 92, 70),
    (395, 'Valise rigide en aluminium', 'Valise rigide en aluminium pour voyager avec style et sécurité.', 599.99, 20, 6, FALSE, 0, 26, 93, 55),
    (396, 'Ceinture en cuir de crocodile', 'Ceinture en cuir de crocodile luxueuse avec boucle en argent.', 349.99, 40, 2, FALSE, 0, 26, 94, 80),
    (397, 'Étui pour téléphone en cuir', 'Étui pour téléphone en cuir avec doublure en velours.', 79.99, 100, 10, FALSE, 0, 26, 94, 120),
    (398, 'Sac à dos en cuir de vachette', 'Sac à dos spacieux en cuir de vachette pour un usage quotidien.', 699.99, 80, 8, FALSE, 0, 26, 91, 85),
    (399, 'Porte-documents en cuir grainé', 'Porte-documents en cuir grainé pour une allure professionnelle.', 299.99, 150, 3, FALSE, 0, 26, 92, 90),
    (400, 'Sac de voyage en cuir souple', 'Sac de voyage en cuir souple avec poignées en cuir tressé.', 899.99, 120, 4, FALSE, 0, 26, 93, 100),
    (401, 'Porte-monnaie en cuir de luxe', 'Porte-monnaie en cuir de luxe avec fermeture éclair.', 129.99, 60, 12, FALSE, 0, 26, 92, 110),
    (402, 'Étui à passeport en cuir', 'Étui à passeport en cuir avec emplacements pour cartes.', 49.99, 200, 499, TRUE, 0, 26, 94, 70),
    (403, 'Trousse de toilette en cuir', 'Trousse de toilette en cuir pour voyager avec élégance.', 159.99, 150, 3, FALSE, 0, 26, 93, 80),
    (404, 'Sac à bandoulière en cuir lisse', 'Sac à bandoulière en cuir lisse avec détails en métal doré.', 449.99, 200, 2, FALSE, 0, 26, 91, 40),
    (405, 'Porte-clés en cuir', 'Porte-clés en cuir avec anneau en acier inoxydable.', 19.99, 100, 199, TRUE, 0, 26, 94, 65),

    (406, 'Sac polochon en cuir verni', 'Sac polochon en cuir verni pour un look moderne et chic.', 349.99, 150, 3, FALSE, 0, 26, 91, 75),
    (407, 'Porte-cartes en cuir élégant', 'Porte-cartes en cuir élégant avec fenêtre pour ID.', 59.99, 120, 4, FALSE, 0, 26, 94, 90),
    (423, 'Thé vert sencha japonais', 'Thé vert sencha japonais aux notes végétales et légèrement sucrées.', 12.99, 50, 5, FALSE, 0, 27, 96, 60),
    (424, 'Thé noir anglais Breakfast', 'Thé noir anglais Breakfast corsé et réconfortant.', 9.99, 30, 99, TRUE, 0, 27, 97, 70),
    (425, 'Thé blanc argenté de Chine', 'Thé blanc argenté de Chine doux et floral.', 19.99, 20, 6, FALSE, 0, 27, 98, 55),
    (426, 'Tisane relaxante à la camomille', 'Tisane relaxante à la camomille pour apaiser les tensions.', 7.99, 40, 2, FALSE, 0, 27, 99, 80),
    (427, 'Thé vert matcha premium', 'Thé vert matcha premium riche en antioxydants.', 29.99, 100, 10, FALSE, 0, 27, 96, 120),
    (428, 'Thé noir Darjeeling de printemps', 'Thé noir Darjeeling de printemps aux arômes floraux.', 24.99, 80, 8, FALSE, 0, 27, 97, 85),
    (429, 'Thé blanc Pai Mu Tan', 'Thé blanc Pai Mu Tan délicat et légèrement sucré.', 16.99, 150, 3, FALSE, 0, 27, 98, 90),
    (430, 'Tisane à la menthe poivrée', 'Tisane à la menthe poivrée rafraîchissante et digestive.', 11.99, 120, 4, FALSE, 0, 27, 99, 100),
    (431, 'Thé vert Gyokuro japonais', 'Thé vert Gyokuro japonais haut de gamme aux notes umami.', 34.99, 60, 12, FALSE, 0, 27, 96, 110),
    (432, 'Thé noir Assam biologique', 'Thé noir Assam biologique robuste et malté.', 14.99, 200, 2, FALSE, 0, 27, 97, 70),
    (433, 'Thé blanc Jasmin de Chine', 'Thé blanc Jasmin de Chine parfumé et floral.', 21.99, 150, 219, TRUE, 0, 27, 98, 80),
    (434, 'Infusion relaxante à la lavande', 'Infusion relaxante à la lavande pour calmer l''esprit.', 8.99, 200, 2, FALSE, 0, 27, 99, 70),
    (435, 'Thé vert Gunpowder', 'Thé vert Gunpowder aux feuilles roulées en petites perles.', 17.99, 150, 3, FALSE, 0, 27, 96, 75),
    (436, 'Thé noir Earl Grey', 'Thé noir Earl Grey aromatisé à la bergamote.', 13.99, 120, 4, FALSE, 0, 27, 97, 90),
    (437, 'Thé blanc Bai Hao Yin Zhen', 'Thé blanc Bai Hao Yin Zhen aux aiguilles d''argent.', 27.99, 80, 5, FALSE, 0, 27, 98, 85),
    (438, 'Théière en fonte japonaise', 'Théière en fonte japonaise traditionnelle avec motifs floraux.', 59.99, 50, 5, FALSE, 0, 27, 100, 60),
    (439, 'Infuseur à thé en forme de feuille', 'Infuseur à thé en forme de feuille pour une infusion parfaite.', 9.99, 100, 99, TRUE, 0, 27, 100, 120),
    (440, 'Tasse à thé en porcelaine chinoise', 'Tasse à thé en porcelaine chinoise avec motifs traditionnels.', 14.99, 80, 8, FALSE, 0, 27, 100, 85),
    (441, 'Boîte à thé en bambou', 'Boîte à thé en bambou pour conserver les thés avec élégance.', 19.99, 150, 3, FALSE, 0, 27, 100, 90),
    (442, 'Plateau de service pour thé', 'Plateau de service pour thé en bois avec poignées en métal.', 29.99, 120, 4, FALSE, 0, 27, 100, 100),
    (443, 'Bouilloire électrique en acier inoxydable', 'Bouilloire électrique en acier inoxydable pour un thé parfaitement infusé.', 49.99, 200, 2, FALSE, 0, 27, 100, 70),

    (444, 'Pommes bio', 'Pommes fraîches biologiques, cultivées localement.', 2.99, 50, 29, TRUE, 0, 28, 101, 60),
    (445, 'Riz complet bio', 'Riz complet biologique issu de l''agriculture biologique.', 4.99, 30, 7, FALSE, 0, 28, 103, 70),
    (446, 'Yaourts nature bio', 'Yaourts nature biologiques fabriqués avec du lait bio.', 3.49, 20, 6, FALSE, 0, 28, 101, 55),
    (447, 'Shampoing bio à l''aloès vera', 'Shampoing bio à l''aloès vera pour des cheveux doux et soyeux.', 8.99, 40, 2, FALSE, 0, 28, 104, 80),
    (448, 'Lessive écologique', 'Lessive écologique sans produits chimiques nocifs.', 12.99, 100, 10, FALSE, 0, 28, 105, 120),
    (449, 'Pain complet bio', 'Pain complet biologique cuit à la perfection.', 3.99, 80, 8, FALSE, 0, 28, 102, 85),
    (450, 'Huile d''olive extra vierge bio', 'Huile d''olive extra vierge bio pressée à froid.', 9.99, 150, 3, FALSE, 0, 28, 102, 90),
    (451, 'Lentilles vertes bio', 'Lentilles vertes biologiques riches en protéines.', 2.49, 120, 4, FALSE, 0, 28, 103, 100),
    (452, 'Beurre de karité bio', 'Beurre de karité bio pour une peau douce et hydratée.', 6.99, 60, 12, FALSE, 0, 28, 104, 110),
    (453, 'Savon artisanal à la lavande', 'Savon artisanal à la lavande fabriqué à partir d''ingrédients naturels.', 5.49, 200, 54, TRUE, 0, 28, 104, 70),
    (454, 'Tomates bio', 'Tomates fraîches biologiques cultivées sans pesticides.', 3.29, 150, 3, FALSE, 0, 28, 101, 75),
    (455, 'Quinoa bio', 'Quinoa biologique riche en protéines et en fibres.', 6.99, 120, 4, FALSE, 0, 28, 103, 90),
    (456, 'Dentifrice bio menthe fraîche', 'Dentifrice bio à la menthe fraîche pour des dents saines.', 7.99, 150, 3, FALSE, 0, 28, 104, 80),
    (457, 'Thé vert bio à la menthe', 'Thé vert bio à la menthe pour une pause rafraîchissante.', 4.99, 200, 2, FALSE, 0, 28, 102, 70),
    (458, 'Vinaigre de cidre bio', 'Vinaigre de cidre bio non filtré pour une alimentation saine.', 5.99, 150, 3, FALSE, 0, 28, 102, 85),
    (459, 'Oranges bio', 'Oranges fraîches biologiques riches en vitamine C.', 4.49, 100, 2, FALSE, 0, 28, 101, 65),
    (460, 'Céréales muesli bio', 'Céréales muesli biologiques avec des fruits secs et des noix.', 7.49, 80, 5, FALSE, 0, 28, 102, 95),
    (461, 'Savon liquide pour les mains bio', 'Savon liquide pour les mains bio doux pour la peau.', 6.49, 200, 4, FALSE, 0, 28, 104, 75),
    (462, 'Vinaigrette balsamique bio', 'Vinaigrette balsamique bio pour assaisonner vos salades.', 3.99, 150, 39, TRUE, 0, 28, 102, 90),
    (463, 'Pois chiches bio en conserve', 'Pois chiches biologiques en conserve pour une cuisine rapide.', 1.99, 120, 4, FALSE, 0, 28, 103, 80),
    (464, 'Dentifrice en comprimés bio', 'Dentifrice en comprimés bio pour un brossage éco-responsable.', 9.99, 150, 3, FALSE, 0, 28, 104, 100),

    (465, 'Tablette de chocolat au lait', 'Tablette de chocolat au lait fin et crémeux.', 3.99, 50, 39, TRUE, 0, 29, 106, 60),
    (466, 'Tablette de chocolat noir intense', 'Tablette de chocolat noir riche en cacao et en saveurs.', 4.49, 30, 7, FALSE, 0, 29, 107, 70),
    (467, 'Tablette de chocolat blanc fondant', 'Tablette de chocolat blanc fondant et délicat.', 4.99, 20, 6, FALSE, 0, 29, 108, 55),
    (468, 'Boîte de truffes assorties', 'Boîte de truffes au chocolat assorties avec différents parfums.', 12.99, 40, 2, FALSE, 0, 29, 109, 80),
    (469, 'Coffret cadeau chocolaté', 'Coffret cadeau chocolaté avec une sélection de chocolats fins.', 19.99, 100, 199, TRUE, 0, 29, 110, 120),
    (470, 'Chocolat au lait aux éclats de noisettes', 'Chocolat au lait aux éclats de noisettes croquants.', 5.99, 80, 8, FALSE, 0, 29, 106, 85),
    (471, 'Chocolat noir à la fleur de sel', 'Chocolat noir à la fleur de sel pour un mélange sucré-salé.', 6.49, 150, 3, FALSE, 0, 29, 107, 90),
    (472, 'Chocolat blanc à la framboise', 'Chocolat blanc à la framboise pour une touche fruitée.', 6.99, 120, 4, FALSE, 0, 29, 108, 100),
    (473, 'Coffret de pralinés assortis', 'Coffret de pralinés assortis pour les amateurs de chocolat.', 14.99, 60, 14, TRUE, 0, 29, 109, 110),
    (474, 'Assortiment de chocolats fins', 'Assortiment de chocolats fins pour une dégustation variée.', 24.99, 200, 2, FALSE, 0, 29, 110, 70),
    (475, 'Chocolat au lait caramel fleur de sel', 'Chocolat au lait caramel fleur de sel pour les gourmands.', 7.99, 150, 3, FALSE, 0, 29, 106, 75),
    (476, 'Chocolat noir à l''orange confite', 'Chocolat noir à l''orange confite pour une explosion de saveurs.', 8.49, 120, 4, FALSE, 0, 29, 107, 80),
    (477, 'Chocolat blanc à la noix de coco', 'Chocolat blanc à la noix de coco pour une touche exotique.', 7.49, 200, 74, TRUE, 0, 29, 108, 85),
    (478, 'Coffret de chocolats pralinés', 'Coffret de chocolats pralinés pour les amateurs de douceurs.', 16.99, 150, 169, TRUE, 0, 29, 109, 90),
    (479, 'Coffret de chocolats de luxe', 'Coffret de chocolats de luxe pour une expérience gourmande.', 29.99, 80, 5, FALSE, 0, 29, 110, 95),
    (480, 'Chocolat au lait fourré à la nougatine', 'Chocolat au lait fourré à la nougatine croustillante.', 6.99, 100, 69, TRUE, 0, 29, 106, 100),
    (481, 'Chocolat noir à la menthe fraîche', 'Chocolat noir à la menthe fraîche pour une sensation rafraîchissante.', 7.49, 80, 5, FALSE, 0, 29, 107, 105),
    (482, 'Chocolat blanc aux éclats de pistache', 'Chocolat blanc aux éclats de pistache pour une texture croquante.', 8.99, 150, 3, FALSE, 0, 29, 108, 110),
    (483, 'Boîte de chocolats assortis', 'Boîte de chocolats assortis pour une dégustation variée.', 19.99, 120, 4, FALSE, 0, 29, 109, 115),
    (484, 'Coffret de chocolats fins et pralinés', 'Coffret de chocolats fins et pralinés pour les connaisseurs.', 34.99, 200, 2, FALSE, 0, 29, 110, 120),

    (485, 'Le Seigneur des Anneaux', 'Roman épique de J.R.R. Tolkien.', 15.99, 50, 159, TRUE, 0, 30, 111, 60),
    (486, 'L''Art de la Guerre', 'Classique de la stratégie militaire de Sun Tzu.', 12.49, 30, 7, FALSE, 0, 30, 112, 70),
    (487, 'One Piece - Tome 1', 'Premier tome du célèbre manga d''Eiichirō Oda.', 9.99, 20, 99, TRUE, 0, 30, 113, 55),
    (488, 'Le Petit Prince', 'Chef-d''œuvre de la littérature pour enfants d''Antoine de Saint-Exupéry.', 8.99, 40, 2, FALSE, 0, 30, 114, 80),
    (489, 'Dictionnaire Larousse', 'Dictionnaire de référence pour la langue française.', 29.99, 100, 10, FALSE, 0, 30, 115, 120),
    (490, 'Harry Potter à l''École des Sorciers', 'Premier tome de la saga Harry Potter de J.K. Rowling.', 14.99, 80, 8, FALSE, 0, 30, 111, 85),
    (491, 'Histoire de la Philosophie', 'Ouvrage complet sur l''histoire de la philosophie.', 22.99, 150, 3, FALSE, 0, 30, 112, 90),
    (492, 'Astérix - Le tour de Gaule d''Astérix', 'Aventure hilarante d''Astérix et Obélix.', 11.49, 120, 4, FALSE, 0, 30, 113, 100),
    (493, 'Le Journal d''Anne Frank', 'Journal intime d''Anne Frank pendant la Seconde Guerre mondiale.', 10.99, 60, 12, FALSE, 0, 30, 111, 110),
    (494, 'Encyclopédie Universalis', 'Encyclopédie de référence pour les connaissances générales.', 99.99, 200, 2, FALSE, 0, 30, 115, 70),
    (495, 'Les Misérables', 'Roman de Victor Hugo sur la misère et l''espoir.', 18.99, 150, 3, FALSE, 0, 30, 111, 75),
    (496, 'Méditations', 'Recueil de pensées de Marc Aurèle.', 7.99, 120, 4, FALSE, 0, 30, 112, 80),
    (497, 'Dragon Ball Z - Tome 1', 'Premier tome du célèbre manga d''Akira Toriyama.', 9.99, 200, 99, TRUE, 0, 30, 113, 90),
    (498, 'Le Petit Nicolas', 'Recueil de courts récits humoristiques de Sempé et Goscinny.', 6.49, 150, 3, FALSE, 0, 30, 114, 100),
    (499, 'Le Capital au XXIe siècle', 'Analyse économique de Thomas Piketty.', 24.99, 80, 245, TRUE, 0, 30, 112, 105),
    (500, 'Les Aventures de Tintin - Le Secret de la Licorne', 'Aventure captivante de Tintin.', 13.99, 100, 2, FALSE, 0, 30, 113, 110),
    (501, 'Le Grand Livre des Records', 'Recueil des records du monde.', 19.99, 80, 5, FALSE, 0, 30, 115, 115),
    (502, 'Le Parfum', 'Roman de Patrick Süskind sur l''odorat et la passion.', 11.99, 150, 3, FALSE, 0, 30, 111, 120),
    (503, 'Le Comte de Monte-Cristo', 'Roman d''aventure et de vengeance d''Alexandre Dumas.', 16.99, 120, 169, TRUE, 0, 30, 111, 125),
    (504, 'Les Fourmis', 'Roman de Bernard Werber explorant la vie des fourmis.', 14.49, 200, 149, TRUE, 0, 30, 111, 130),
    (505, 'Le Guide du voyageur galactique', 'Roman de science-fiction déjanté de Douglas Adams.', 8.99, 150, 3, FALSE, 0, 30, 111, 135),

    (506, 'Tableau abstrait', 'Tableau abstrait pour une touche moderne dans votre décoration.', 49.99, 50, 5, FALSE, 0, 31, 116, 60),
    (507, 'Statuette de bouddha', 'Statuette de bouddha en résine pour une atmosphère zen.', 29.99, 30, 7, FALSE, 0, 31, 117, 70),
    (508, 'Ensemble de draps en coton', 'Ensemble de draps en coton pour un lit confortable.', 79.99, 20, 6, FALSE, 0, 31, 118, 55),
    (509, 'Photophore en verre', 'Photophore en verre pour une ambiance chaleureuse.', 19.99, 40, 199, TRUE, 0, 31, 119, 80),
    (510, 'Canapé d''angle en cuir', 'Canapé d''angle en cuir pour un salon élégant.', 899.99, 100, 10, FALSE, 0, 31, 120, 120),
    (511, 'Affiche vintage Paris', 'Affiche vintage représentant la ville de Paris.', 14.99, 80, 8, FALSE, 0, 31, 116, 85),
    (512, 'Vase en céramique', 'Vase en céramique pour fleurs fraîches ou séchées.', 34.99, 150, 3, FALSE, 0, 31, 117, 90),
    (513, 'Coussin en velours', 'Coussin en velours pour une touche de luxe sur votre canapé.', 24.99, 120, 4, FALSE, 0, 31, 118, 100),
    (514, 'Porte-manteau mural', 'Porte-manteau mural en bois pour une entrée bien organisée.', 39.99, 60, 12, FALSE, 0, 31, 119, 110),
    (515, 'Chaise scandinave', 'Chaise scandinave en bois et tissu pour une salle à manger tendance.', 69.99, 200, 2, FALSE, 0, 31, 120, 70),
    (516, 'Tableau de paysage', 'Tableau de paysage pour une touche naturelle dans votre intérieur.', 59.99, 150, 3, FALSE, 0, 31, 116, 75),
    (517, 'Statuette d''éléphant en métal', 'Statuette d''éléphant en métal pour une décoration exotique.', 19.99, 120, 199, TRUE, 0, 31, 117, 80),
    (518, 'Plaid en fausse fourrure', 'Plaid en fausse fourrure pour se réchauffer pendant l''hiver.', 49.99, 200, 2, FALSE, 0, 31, 118, 85),
    (519, 'Lanterne en bambou', 'Lanterne en bambou pour une ambiance bohème.', 29.99, 150, 3, FALSE, 0, 31, 119, 90),
    (520, 'Étagère murale design', 'Étagère murale design pour exposer vos objets déco.', 69.99, 80, 5, FALSE, 0, 31, 120, 95),
    (521, 'Cadre photo en métal', 'Cadre photo en métal pour mettre en valeur vos souvenirs.', 24.99, 100, 2, FALSE, 0, 31, 116, 100),
    (522, 'Statue de chat en résine', 'Statue de chat en résine pour les amoureux des félins.', 14.99, 80, 149, TRUE, 0, 31, 117, 105),
    (523, 'Nappe en lin', 'Nappe en lin pour une table élégante lors de vos repas.', 39.99, 150, 3, FALSE, 0, 31, 118, 110),
    (524, 'Miroir mural rond', 'Miroir mural rond pour agrandir visuellement votre pièce.', 49.99, 120, 4, FALSE, 0, 31, 119, 115),
    (525, 'Meuble TV en bois massif', 'Meuble TV en bois massif pour ranger votre équipement audiovisuel.', 299.99, 200, 2, FALSE, 0, 31, 120, 120),

    (526, 'Soutien-gorge push-up en dentelle', 'Soutien-gorge push-up avec détails en dentelle.', 34.99, 50, 5, FALSE, 0, 32, 121, 60),
    (527, 'Culotte taille haute en satin', 'Culotte taille haute en satin pour un confort optimal.', 19.99, 30, 199, TRUE, 0, 32, 122, 70),
    (528, 'Ensemble de lingerie en soie', 'Ensemble assorti de soutien-gorge et culotte en soie.', 69.99, 20, 6, FALSE, 0, 32, 123, 55),
    (529, 'Nuisette en dentelle', 'Nuisette en dentelle pour des nuits élégantes.', 49.99, 40, 2, FALSE, 0, 32, 124, 80),
    (530, 'Bas autofixants', 'Bas autofixants pour une touche sensuelle.', 14.99, 100, 10, FALSE, 0, 32, 125, 120),
    (531, 'Soutien-gorge triangle en coton', 'Soutien-gorge triangle en coton pour un confort quotidien.', 24.99, 80, 8, FALSE, 0, 32, 121, 85),
    (532, 'String en dentelle', 'String en dentelle pour un look séduisant.', 12.99, 150, 3, FALSE, 0, 32, 122, 90),
    (533, 'Ensemble de lingerie push-up', 'Ensemble push-up avec soutien-gorge et string assorti.', 39.99, 120, 4, FALSE, 0, 32, 123, 100),
    (534, 'Pyjama en satin', 'Pyjama en satin pour des nuits luxueuses.', 54.99, 60, 12, FALSE, 0, 32, 124, 110),
    (535, 'Porte-jarretelles en dentelle', 'Porte-jarretelles en dentelle pour une allure glamour.', 29.99, 200, 2, FALSE, 0, 32, 125, 70),
    (536, 'Soutien-gorge balconnet en soie', 'Soutien-gorge balconnet en soie pour un maintien parfait.', 44.99, 150, 3, FALSE, 0, 32, 121, 75),
    (537, 'Shorty en microfibre', 'Shorty en microfibre pour un confort optimal.', 16.99, 200, 169, TRUE, 0, 32, 122, 90),
    (538, 'Ensemble de lingerie en dentelle', 'Ensemble de lingerie en dentelle pour une silhouette élégante.', 49.99, 150, 3, FALSE, 0, 32, 123, 100),
    (539, 'Nuisette babydoll', 'Nuisette babydoll pour des soirées romantiques.', 39.99, 80, 5, FALSE, 0, 32, 124, 115),
    (540, 'Collants résille', 'Collants résille pour un look audacieux.', 9.99, 100, 2, FALSE, 0, 32, 125, 120),
    (541, 'Soutien-gorge bandeau en coton bio', 'Soutien-gorge bandeau en coton bio pour une sensation douce sur la peau.', 29.99, 80, 5, FALSE, 0, 32, 121, 125),
    (542, 'Culotte taille basse en coton', 'Culotte taille basse en coton pour un confort tout au long de la journée.', 14.99, 120, 4, FALSE, 0, 32, 122, 130),
    (543, 'Ensemble de lingerie push-up en dentelle', 'Ensemble push-up avec soutien-gorge et culotte assortis en dentelle.', 49.99, 200, 2, FALSE, 0, 32, 123, 135),
    (544, 'Robe de chambre en velours', 'Robe de chambre en velours pour se détendre à la maison.', 59.99, 150, 3, FALSE, 0, 32, 124, 140),
    (545, 'Jarretière en satin', 'Jarretière en satin pour une touche chic à votre tenue de mariage.', 19.99, 120, 4, FALSE, 0, 32, 125, 145),

    (546, 'Crème hydratante à l''acide hyaluronique', 'Crème hydratante pour une peau douce et repulpée.', 29.99, 50, 299, TRUE, 0, 33, 131, 60),
    (547, 'Masque purifiant à l''argile verte', 'Masque purifiant pour nettoyer en profondeur les pores.', 19.99, 30, 7, FALSE, 0, 33, 132, 70),
    (548, 'Sérum anti-âge à la vitamine C', 'Sérum anti-âge pour une peau éclatante et rajeunie.', 39.99, 20, 6, FALSE, 0, 33, 133, 55),
    (549, 'Huile démaquillante bio', 'Huile démaquillante pour une peau nette et hydratée.', 24.99, 40, 249, TRUE, 0, 33, 134, 80),
    (550, 'Coffret découverte de soins naturels', 'Coffret découverte avec une sélection de soins naturels.', 49.99, 100, 10, FALSE, 0, 33, 135, 120),
    (551, 'Fond de teint liquide mat', 'Fond de teint liquide pour un teint parfait toute la journée.', 34.99, 80, 8, FALSE, 0, 33, 131, 85),
    (552, 'Palette de fards à paupières nude', 'Palette de fards à paupières dans des tons nude.', 29.99, 150, 3, FALSE, 0, 33, 132, 90),
    (553, 'Crayon contour des lèvres', 'Crayon contour des lèvres pour définir et dessiner le contour.', 12.99, 120, 4, FALSE, 0, 33, 133, 100),
    (554, 'Spray fixateur de maquillage', 'Spray fixateur pour une tenue longue durée du maquillage.', 19.99, 200, 2, FALSE, 0, 33, 134, 120),
    (555, 'Éponge de maquillage en silicone', 'Éponge en silicone pour une application précise du maquillage.', 9.99, 150, 3, FALSE, 0, 33, 135, 70),
    (556, 'Masque tissu hydratant à l''acide hyaluronique', 'Masque tissu pour une hydratation intense de la peau.', 3.99, 200, 2, FALSE, 0, 33, 131, 75),
    (557, 'Crayon eyeliner liquide waterproof', 'Crayon eyeliner liquide pour un regard intense et longue tenue.', 14.99, 80, 5, FALSE, 0, 33, 132, 80),
    (558, 'Vernis à ongles longue tenue', 'Vernis à ongles longue tenue pour des ongles sublimés.', 7.99, 100, 2, FALSE, 0, 33, 133, 85),
    (559, 'Crème solaire SPF 50', 'Crème solaire haute protection pour le visage.', 19.99, 150, 3, FALSE, 0, 33, 134, 90),
    (560, 'Pinceau maquillage professionnel', 'Pinceau maquillage professionnel pour une application précise.', 9.99, 120, 4, FALSE, 0, 33, 135, 95),
    (561, 'Gel nettoyant visage purifiant', 'Gel nettoyant pour une peau propre et fraîche.', 14.99, 100, 2, FALSE, 0, 33, 131, 100),
    (562, 'Baume à lèvres hydratant', 'Baume à lèvres pour des lèvres douces et nourries.', 4.99, 80, 5, FALSE, 0, 33, 132, 105),
    (563, 'Crayon sourcils rétractable', 'Crayon sourcils rétractable pour des sourcils parfaitement dessinés.', 8.99, 120, 80, TRUE, 0, 33, 133, 110),
    (564, 'Démaquillant yeux biphasé', 'Démaquillant yeux biphasé pour retirer efficacement le maquillage waterproof.', 12.99, 150, 3, FALSE, 0, 33, 134, 115),
    (565, 'Écran solaire teinté SPF 30', 'Écran solaire teinté pour une protection et un teint parfait.', 24.99, 200, 2, FALSE, 0, 33, 135, 120),

    (566, 'Canapé d''angle en tissu', 'Canapé d''angle confortable pour le salon.', 899.99, 50, 5, FALSE, 0, 34, 131, 60),
    (567, 'Lit double en bois massif', 'Lit double en bois massif pour une chambre chaleureuse.', 699.99, 30, 7, FALSE, 0, 34, 132, 70),
    (568, 'Table à manger extensible', 'Table à manger extensible pour recevoir vos convives.', 499.99, 20, 6, FALSE, 0, 34, 133, 55),
    (569, 'Coussin en velours', 'Coussin en velours pour un confort supplémentaire.', 29.99, 40, 299, TRUE, 0, 34, 134, 80),
    (570, 'Cadre photo en bois', 'Cadre photo en bois pour mettre en valeur vos souvenirs.', 19.99, 100, 10, FALSE, 0, 34, 135, 120),
    (571, 'Fauteuil pivotant en cuir', 'Fauteuil pivotant en cuir pour un coin lecture élégant.', 399.99, 80, 8, FALSE, 0, 34, 131, 85),
    (572, 'Commode à tiroirs', 'Commode à tiroirs pour ranger vos affaires.', 299.99, 150, 3, FALSE, 0, 34, 132, 90),
    (573, 'Buffet de salle à manger', 'Buffet de salle à manger pour un rangement pratique.', 599.99, 120, 4, FALSE, 0, 34, 133, 100),
    (574, 'Tapis shaggy', 'Tapis shaggy pour ajouter une touche de douceur à votre sol.', 149.99, 200, 2, FALSE, 0, 34, 134, 120),
    (575, 'Miroir mural rond', 'Miroir mural rond pour agrandir l''espace.', 79.99, 150, 3, FALSE, 0, 34, 135, 70),
    (576, 'Table basse en verre trempé', 'Table basse en verre trempé pour un salon moderne.', 249.99, 80, 5, FALSE, 0, 34, 131, 75),
    (577, 'Armoire dressing avec miroir', 'Armoire dressing avec miroir pour une organisation optimale.', 799.99, 200, 2, FALSE, 0, 34, 132, 80),
    (578, 'Chaise de salle à manger design', 'Chaise de salle à manger au design élégant.', 79.99, 100, 799, TRUE, 0, 34, 133, 85),
    (579, 'Lampe de bureau en métal', 'Lampe de bureau en métal pour un éclairage ajustable.', 49.99, 150, 3, FALSE, 0, 34, 134, 90),
    (580, 'Étagère murale en bois', 'Étagère murale en bois pour exposer vos objets déco.', 39.99, 120, 4, FALSE, 0, 34, 135, 95),
    (581, 'Canapé convertible en cuir', 'Canapé convertible en cuir pour un gain de place astucieux.', 1199.99, 100, 2, FALSE, 0, 34, 131, 100),
    (582, 'Lit superposé en métal', 'Lit superposé en métal pour la chambre des enfants.', 499.99, 80, 5, FALSE, 0, 34, 132, 105),
    (583, 'Table d''appoint en marbre', 'Table d''appoint en marbre pour un style luxueux.', 179.99, 120, 4, FALSE, 0, 34, 133, 110),
    (584, 'Suspension design en métal', 'Suspension design en métal pour éclairer votre pièce.', 99.99, 150, 3, FALSE, 0, 34, 134, 115),
    (585, 'Horloge murale en bois', 'Horloge murale en bois pour une touche d''originalité.', 69.99, 200, 690, TRUE, 0, 34, 135, 120),

    (586, 'Château Margaux 2015', 'Grand cru classé de Margaux, millésime 2015.', 499.99, 10, 5, FALSE, 0, 35, 136, 60),
    (587, 'Château d''Yquem 2010', 'Premier grand cru classé supérieur de Sauternes, millésime 2010.', 899.99, 5, 7, FALSE, 0, 35, 137, 70),
    (588, 'Dom Pérignon 2008', 'Champagne millésimé de prestige, millésime 2008.', 199.99, 8, 6, FALSE, 0, 35, 138, 55),
    (589, 'Macallan 18 ans Sherry Oak', 'Single malt écossais vieilli en fûts de xérès, 18 ans.', 299.99, 15, 2, FALSE, 0, 35, 139, 80),
    (590, 'Verres à vin rouge', 'Lot de 6 verres à vin rouge en cristal.', 49.99, 20, 10, FALSE, 0, 35, 140, 120),
    (591, 'Château Lafite Rothschild 2009', 'Grand cru classé de Pauillac, millésime 2009.', 999.99, 7, 8, FALSE, 0, 35, 136, 85),
    (592, 'Puligny-Montrachet 1er Cru Les Folatières 2016', 'Vin blanc de Bourgogne, millésime 2016.', 149.99, 12, 3, FALSE, 0, 35, 137, 90),
    (593, 'Veuve Clicquot Brut Yellow Label', 'Champagne emblématique de la maison Veuve Clicquot.', 59.99, 25, 5, FALSE, 0, 35, 138, 70),
    (594, 'Glenfiddich 15 ans Solera', 'Single malt écossais vieilli en fûts de chêne américain et européen, 15 ans.', 79.99, 30, 790, TRUE, 0, 35, 139, 75),
    (595, 'Carafe à décanter', 'Carafe à décanter en cristal pour aérer les vins.', 99.99, 15, 2, FALSE, 0, 35, 140, 100),
    (596, 'Château Cheval Blanc 2010', 'Premier grand cru classé A de Saint-Émilion, millésime 2010.', 1499.99, 5, 8, FALSE, 0, 35, 136, 110),
    (597, 'Sancerre Blanc 2018', 'Vin blanc de Loire, millésime 2018.', 29.99, 20, 3, FALSE, 0, 35, 137, 120),
    (598, 'Moët & Chandon Impérial Rosé', 'Champagne rosé de la maison Moët & Chandon.', 69.99, 15, 2, FALSE, 0, 35, 138, 95),
    (599, 'Laphroaig 10 ans', 'Single malt écossais tourbé, 10 ans.', 49.99, 30, 4, FALSE, 0, 35, 139, 100),
    (600, 'Coffret sommelier professionnel', 'Coffret complet pour les amateurs de vin.', 149.99, 10, 1490, TRUE, 0, 35, 140, 80),
    (601, 'Château Latour 2005', 'Premier grand cru classé de Pauillac, millésime 2005.', 1999.99, 3, 7, FALSE, 0, 35, 136, 85),
    (602, 'Pouilly-Fumé 2019', 'Vin blanc de Loire, millésime 2019.', 19.99, 25, 5, FALSE, 0, 35, 137, 90),
    (603, 'Bollinger Spécial Cuvée', 'Champagne emblématique de la maison Bollinger.', 79.99, 20, 3, FALSE, 0, 35, 138, 70),
    (604, 'Jack Daniel''s Single Barrel', 'Whiskey américain, single barrel.', 59.99, 15, 2, FALSE, 0, 35, 139, 75),
    (605, 'Tire-bouchon professionnel', 'Tire-bouchon professionnel en acier inoxydable.', 29.99, 30, 190, TRUE, 0, 35, 140, 100),

    (606, 'Canapé-lit convertible en tissu', 'Canapé-lit convertible en tissu pour un salon multifonctionnel.', 799.99, 50, 5, FALSE, 0, 36, 131, 60),
    (607, 'Table à manger en bois massif', 'Table à manger en bois massif pour des repas conviviaux.', 999.99, 30, 9990, TRUE, 0, 36, 132, 70),
    (608, 'Lampe de sol en métal doré', 'Lampe de sol en métal doré pour une ambiance chaleureuse.', 299.99, 20, 6, FALSE, 0, 36, 133, 55),
    (609, 'Fauteuil bergère capitonné', 'Fauteuil bergère capitonné pour un coin lecture confortable.', 499.99, 40, 2, FALSE, 0, 36, 134, 80),
    (610, 'Miroir mural en métal noir', 'Miroir mural en métal noir pour agrandir l''espace.', 149.99, 100, 10, FALSE, 0, 36, 135, 120),
    (611, 'Table basse rectangulaire en verre', 'Table basse rectangulaire en verre pour un salon contemporain.', 399.99, 80, 8, FALSE, 0, 36, 131, 85),
    (612, 'Bibliothèque en bois avec étagères', 'Bibliothèque en bois avec étagères pour ranger vos livres.', 599.99, 150, 3, FALSE, 0, 36, 132, 90),
    (613, 'Suspension en rotin naturel', 'Suspension en rotin naturel pour une touche bohème.', 199.99, 120, 1990, TRUE, 0, 36, 133, 100),
    (614, 'Tapis berbère à motifs', 'Tapis berbère à motifs pour une décoration ethnique.', 299.99, 200, 2, FALSE, 0, 36, 134, 120),
    (615, 'Cadre photo en métal doré', 'Cadre photo en métal doré pour mettre en valeur vos souvenirs.', 79.99, 150, 3, FALSE, 0, 36, 135, 70),
    (616, 'Buffet en bois laqué blanc', 'Buffet en bois laqué blanc pour un rangement élégant.', 899.99, 100, 2, FALSE, 0, 36, 131, 75),
    (617, 'Chaise design en plastique', 'Chaise design en plastique pour une touche moderne.', 79.99, 200, 2, FALSE, 0, 36, 132, 80),
    (618, 'Lustre à pampilles en cristal', 'Lustre à pampilles en cristal pour un éclairage raffiné.', 699.99, 100, 2, FALSE, 0, 36, 133, 85),
    (619, 'Coussin velours brodé', 'Coussin velours brodé pour une touche de sophistication.', 39.99, 150, 3, FALSE, 0, 36, 134, 90),
    (620, 'Console en métal noir', 'Console en métal noir pour une entrée stylée.', 249.99, 120, 4, FALSE, 0, 36, 135, 95),
    (621, 'Commode vintage en bois', 'Commode vintage en bois pour un charme rétro.', 499.99, 100, 2, FALSE, 0, 36, 131, 100),
    (622, 'Plaid en laine d''alpaga', 'Plaid en laine d''alpaga pour se blottir lors des soirées fraîches.', 129.99, 80, 5, FALSE, 0, 36, 132, 105),
    (623, 'Vase en céramique artisanale', 'Vase en céramique artisanale pour des fleurs élégantes.', 69.99, 120, 690, TRUE, 0, 36, 133, 110),
    (624, 'Étagère murale en acier', 'Étagère murale en acier pour exposer vos objets déco.', 59.99, 150, 3, FALSE, 0, 36, 134, 115),
    (625, 'Panier tressé en jonc de mer', 'Panier tressé en jonc de mer pour un rangement naturel.', 49.99, 200, 2, FALSE, 0, 36, 135, 120),

    (626, 'Croquettes pour chiens premium', 'Croquettes pour chiens de qualité supérieure.', 29.99, 200, 2, FALSE, 0, 37, 146, 120),
    (627, 'Pâtée pour chats au saumon', 'Pâtée pour chats au saumon, riche en protéines.', 1.99, 300, 19, TRUE, 0, 37, 147, 150),
    (628, 'Jouet à mâcher pour chiens', 'Jouet à mâcher résistant pour l''hygiène dentaire.', 9.99, 150, 3, FALSE, 0, 37, 148, 80),
    (629, 'Collier réfléchissant pour chats', 'Collier réfléchissant pour la sécurité nocturne des chats.', 7.99, 100, 2, FALSE, 0, 37, 149, 100),
    (630, 'Shampoing doux pour chiots', 'Shampoing doux pour chiots à la peau sensible.', 12.99, 80, 5, FALSE, 0, 37, 150, 60),
    (631, 'Litière agglomérante pour chats', 'Litière agglomérante pour un entretien facile.', 14.99, 120, 4, FALSE, 0, 37, 146, 90),
    (632, 'Niches pour petits chiens', 'Niche confortable pour les chiens de petite taille.', 49.99, 50, 5, FALSE, 0, 37, 147, 70),
    (633, 'Aquarium design avec éclairage LED', 'Aquarium design avec éclairage LED pour poissons tropicaux.', 199.99, 30, 7, FALSE, 0, 37, 148, 85),
    (634, 'Friandises pour chats au poulet', 'Friandises pour chats au poulet, parfaites pour les récompenses.', 5.99, 200, 50, TRUE, 0, 37, 149, 110),
    (635, 'Collier de dressage pour chiens', 'Collier de dressage pour chiens avec télécommande.', 39.99, 50, 5, FALSE, 0, 37, 150, 80),
    (636, 'Aliments complets pour rongeurs', 'Aliments complets pour lapins, cochons d''Inde, etc.', 19.99, 150, 3, FALSE, 0, 37, 146, 70),
    (637, 'Bac à litière pour rongeurs', 'Bac à litière adapté aux rongeurs de petite taille.', 8.99, 100, 2, FALSE, 0, 37, 147, 95),
    (638, 'Jouet à grignoter pour lapins', 'Jouet à grignoter pour lapins, pour l''usure des dents.', 3.99, 200, 2, FALSE, 0, 37, 148, 60),
    (639, 'Nid en bois pour oiseaux', 'Nid en bois naturel pour les oiseaux de volière.', 14.99, 80, 5, FALSE, 0, 37, 149, 75),
    (640, 'Cage spacieuse pour furets', 'Cage spacieuse pour les furets et autres petits mammifères.', 79.99, 30, 7, FALSE, 0, 37, 150, 100),
    (641, 'Jouet à suspendre pour oiseaux', 'Jouet à suspendre pour divertir les oiseaux.', 6.99, 150, 69, TRUE, 0, 37, 146, 85),
    (642, 'Terrarium pour reptiles', 'Terrarium en verre pour reptiles, facile à nettoyer.', 149.99, 50, 5, FALSE, 0, 37, 147, 110),
    (643, 'Baignoire pour petits rongeurs', 'Baignoire en plastique pour les petits rongeurs.', 12.99, 100, 2, FALSE, 0, 37, 148, 120),
    (644, 'Mangeoire à oiseaux', 'Mangeoire à suspendre pour les oiseaux sauvages.', 9.99, 120, 4, FALSE, 0, 37, 149, 90),
    (645, 'Tunnel de jeu pour furets', 'Tunnel de jeu pliable pour les furets.', 19.99, 80, 5, FALSE, 0, 37, 150, 70),
    (646, 'Bac à sable pour hamsters', 'Bac à sable pour hamsters, pour un bain de poussière.', 4.99, 200, 2, FALSE, 0, 37, 146, 100),

    (647, 'Appareil photo numérique DSLR', 'Appareil photo numérique DSLR de haute qualité.', 699.99, 50, 7, FALSE, 0, 38, 151, 120),
    (648, 'Objectif grand angle', 'Objectif grand angle pour des prises de vue panoramiques.', 299.99, 30, 5, FALSE, 0, 38, 152, 100),
    (649, 'Carte mémoire SDXC 128 Go', 'Carte mémoire SDXC haute capacité pour stocker vos photos.', 49.99, 100, 490, TRUE, 0, 38, 153, 90),
    (650, 'Flash externe pour appareil photo', 'Flash externe puissant pour éclairer vos sujets.', 129.99, 50, 5, FALSE, 0, 38, 154, 80),
    (651, 'Impressions photo 10x15 cm', 'Impressions photo de qualité professionnelle.', 0.29, 500, 1, FALSE, 0, 38, 155, 150),
    (652, 'Appareil photo compact', 'Appareil photo compact idéal pour les voyages.', 299.99, 40, 6, FALSE, 0, 38, 151, 110),
    (653, 'Objectif téléobjectif', 'Objectif téléobjectif pour des prises de vue rapprochées.', 499.99, 20, 5, FALSE, 0, 38, 152, 130),
    (654, 'Sac à dos pour matériel photo', 'Sac à dos spacieux pour transporter votre matériel photo.', 79.99, 30, 4, FALSE, 0, 38, 153, 70),
    (655, 'Softbox studio pour éclairage', 'Softbox studio pour une lumière douce et uniforme.', 89.99, 20, 3, FALSE, 0, 38, 154, 90),
    (656, 'Album photo 50 pages', 'Album photo avec 50 pages pour vos souvenirs.', 19.99, 80, 2, FALSE, 0, 38, 155, 80),
    (657, 'Appareil photo instantané', 'Appareil photo instantané pour des impressions immédiates.', 129.99, 50, 5, FALSE, 0, 38, 151, 120),
    (658, 'Objectif macro', 'Objectif macro pour des prises de vue détaillées.', 199.99, 30, 1999, TRUE, 0, 38, 152, 100),
    (659, 'Trépied léger en aluminium', 'Trépied léger en aluminium pour une stabilité optimale.', 49.99, 40, 3, FALSE, 0, 38, 153, 70),
    (660, 'Flash annulaire LED', 'Flash annulaire LED pour un éclairage uniforme.', 179.99, 20, 4, FALSE, 0, 38, 154, 90),
    (661, 'Impressions photo 20x30 cm', 'Impressions photo de grande taille pour encadrer.', 0.99, 300, 2, FALSE, 0, 38, 155, 120),
    (662, 'Caméra de surveillance IP', 'Caméra de surveillance IP pour la sécurité de votre domicile.', 199.99, 20, 5, FALSE, 0, 38, 151, 100),
    (663, 'Objectif fisheye', 'Objectif fisheye pour des effets de distorsion artistique.', 249.99, 15, 6, FALSE, 0, 38, 152, 130),
    (664, 'Sac bandoulière pour appareil photo', 'Sac bandoulière pratique pour transporter votre appareil.', 39.99, 50, 399, TRUE, 0, 38, 153, 70),
    (665, 'Kit éclairage studio complet', 'Kit éclairage studio complet pour des séances professionnelles.', 499.99, 10, 7, FALSE, 0, 38, 154, 110),
    (666, 'Cadre photo numérique 10 pouces', 'Cadre photo numérique pour afficher vos souvenirs.', 89.99, 30, 3, FALSE, 0, 38, 155, 90),

    (6666, 'Batman: The Dark Knight Returns', 'Chef-d''œuvre de Frank Miller sur Batman.', 19.99, 50, 199, TRUE, 0, 39, 156, 100),
    (667, 'One Piece - Tome 1', 'Le premier tome de la célèbre série de manga.', 9.99, 100, 2, FALSE, 0, 39, 157, 90),
    (668, 'Watchmen', 'Incontournable du genre de la bande dessinée.', 14.99, 30, 3, FALSE, 0, 39, 158, 80),
    (669, 'Understanding Comics: The Invisible Art', 'Un ouvrage essentiel sur la bande dessinée.', 29.99, 20, 5, FALSE, 0, 39, 159, 120),
    (670, 'Figurine Spider-Man', 'Figurine articulée du célèbre super-héros.', 39.99, 50, 3, FALSE, 0, 39, 160, 70),
    (671, 'Maus', 'Roman graphique sur l''Holocauste, avec des souris et des chats.', 24.99, 40, 4, FALSE, 0, 39, 156, 110),
    (672, 'Naruto - Tome 1', 'Le début de l''épopée de Naruto Uzumaki.', 12.99, 80, 2, FALSE, 0, 39, 157, 100),
    (673, 'Saga - Volume 1', 'Saga épique de science-fiction de Brian K. Vaughan.', 17.99, 30, 179, TRUE, 0, 39, 158, 80),
    (674, 'How to Draw Comics the Marvel Way', 'Guide classique sur l''art de dessiner des comics.', 19.99, 20, 4, FALSE, 0, 39, 159, 120),
    (675, 'Funko Pop! Deadpool', 'Figurine Funko Pop! du mercenaire disert.', 14.99, 60, 2, FALSE, 0, 39, 160, 70),
    (676, 'Sandman - Tome 1', 'La première partie de la saga de Neil Gaiman.', 29.99, 25, 5, FALSE, 0, 39, 156, 110),
    (677, 'My Hero Academia - Tome 1', 'Début de la série de manga sur les super-héros.', 11.99, 90, 2, FALSE, 0, 39, 157, 100),
    (678, 'Persepolis', 'Autobiographie graphique sur la révolution iranienne.', 16.99, 35, 3, FALSE, 0, 39, 158, 90),
    (679, 'Understanding Manga and Anime', 'Guide sur la culture manga et anime.', 24.99, 15, 4, FALSE, 0, 39, 159, 130),
    (680, 'Figurine Tintin et Milou', 'Figurine de la célèbre bande dessinée belge.', 34.99, 40, 349, TRUE, 0, 39, 160, 80),
    (681, 'V for Vendetta', 'Roman graphique dystopique d''Alan Moore.', 18.99, 20, 4, FALSE, 0, 39, 156, 110),
    (682, 'Dragon Ball - Tome 1', 'Début des aventures épiques de Goku.', 10.99, 80, 2, FALSE, 0, 39, 157, 90),
    (683, 'Bone - Volume 1', 'Saga fantastique de Jeff Smith.', 19.99, 30, 3, FALSE, 0, 39, 158, 80),
    (684, 'The Complete Calvin and Hobbes', 'La collection complète des strips de Calvin et Hobbes.', 99.99, 10, 7, FALSE, 0, 39, 159, 150),
    (685, 'Funko Pop! Batman', 'Figurine Funko Pop! du Chevalier Noir.', 14.99, 50, 2, FALSE, 0, 39, 160, 70),
    (686, 'Persepolis 2', 'Suite de l''autobiographie graphique de Marjane Satrapi.', 16.99, 25, 3, FALSE, 0, 39, 156, 100),
    (687, 'Death Note - Tome 1', 'Début du thriller psychologique de Tsugumi Ohba.', 12.99, 70, 2, FALSE, 0, 39, 157, 90),
    (688, 'Preacher - Tome 1', 'Commencement de l''épopée de Garth Ennis et Steve Dillon.', 15.99, 40, 3, FALSE, 0, 39, 158, 80),
    (689, 'Understanding Comics', 'Exploration profonde de l''art de la bande dessinée.', 24.99, 20, 4, FALSE, 0, 39, 159, 120),
    (690, 'Figurine Wolverine', 'Figurine de collection du héros griffu.', 34.99, 40, 3, FALSE, 0, 39, 160, 80),

    (2647, 'Pink Floyd - The Dark Side of the Moon (Vinyle)', 'Vinyle de l''album classique de Pink Floyd.', 29.99, 50, 3, FALSE, 0, 40, 161, 120),
    (2648, 'The Beatles - Abbey Road (CD)', 'CD de l''emblématique album des Beatles.', 14.99, 100, 2, FALSE, 0, 40, 162, 100),
    (2649, 'Queen - Greatest Hits (Cassette audio)', 'Cassette audio des plus grands succès de Queen.', 9.99, 30, 99, TRUE, 0, 40, 163, 80),
    (2650, 'Led Zeppelin - The Song Remains the Same (DVD musical)', 'DVD du célèbre concert de Led Zeppelin.', 19.99, 20, 4, FALSE, 0, 40, 164, 110),
    (2651, 'David Bowie - The Platinum Collection (Box Set)', 'Coffret de collection des plus grands succès de David Bowie.', 49.99, 40, 5, FALSE, 0, 40, 165, 90),
    (2652, 'Miles Davis - Kind of Blue (Vinyle)', 'Vinyle de l''album jazz emblématique de Miles Davis.', 24.99, 35, 3, FALSE, 0, 40, 161, 120),
    (2653, 'Michael Jackson - Thriller (CD)', 'CD de l''album légendaire de Michael Jackson.', 12.99, 80, 2, FALSE, 0, 40, 162, 100),
    (2654, 'Prince - Purple Rain (Cassette audio)', 'Cassette audio de l''album culte de Prince.', 11.99, 25, 110, TRUE, 0, 40, 163, 80),
    (2655, 'Bob Marley - Live at the Rainbow (DVD musical)', 'DVD du concert légendaire de Bob Marley.', 17.99, 30, 4, FALSE, 0, 40, 164, 110),
    (2656, 'The Rolling Stones - GRRR! (Box Set)', 'Coffret de collection des Rolling Stones.', 39.99, 50, 5, FALSE, 0, 40, 165, 90),
    (2657, 'Prince - Purple Rain (Vinyle)', 'Vinyle de l''album culte de Prince.', 34.99, 40, 3, FALSE, 0, 40, 161, 120),
    (2658, 'Queen - Bohemian Rhapsody (CD)', 'CD de la bande originale du film sur Queen.', 16.99, 60, 160, TRUE, 0, 40, 162, 100),
    (2659, 'Michael Jackson - Bad (Cassette audio)', 'Cassette audio de l''album emblématique de Michael Jackson.', 14.99, 25, 3, FALSE, 0, 40, 163, 80),
    (2660, 'The Beatles - Help! (DVD musical)', 'DVD du film musical des Beatles.', 21.99, 20, 5, FALSE, 0, 40, 164, 110),
    (2661, 'Bob Dylan - The Bootleg Series Vol. 1-3 (Box Set)', 'Coffret de collection de Bob Dylan.', 59.99, 30, 7, FALSE, 0, 40, 165, 90),
    (2662, 'Led Zeppelin - IV (Vinyle)', 'Vinyle de l''album classique de Led Zeppelin.', 27.99, 45, 3, FALSE, 0, 40, 161, 120),
    (2663, 'The Rolling Stones - Sticky Fingers (CD)', 'CD de l''album emblématique des Rolling Stones.', 18.99, 70, 3, FALSE, 0, 40, 162, 100),
    (2664, 'Elvis Presley - The Essential Elvis Presley (Cassette audio)', 'Cassette audio des plus grands succès d''Elvis Presley.', 12.99, 20, 2, FALSE, 0, 40, 163, 80),
    (2665, 'David Bowie - Ziggy Stardust (DVD musical)', 'DVD du concert mythique de David Bowie.', 23.99, 25, 4, FALSE, 0, 40, 164, 110),
    (2666, 'Pink Floyd - The Wall (Box Set)', 'Coffret de collection de Pink Floyd.', 69.99, 35, 690, TRUE, 0, 40, 165, 90),

    (1000, 'Vélo de route Giant TCR Advanced Pro 0', 'Vélo de route haut de gamme avec cadre en carbone.', 1999.99, 10, 100, FALSE, 0, 41, 166, 120),
    (1001, 'VTT Specialized Stumpjumper Comp', 'VTT tout suspendu pour des aventures en montagne.', 1599.99, 15, 80, FALSE, 0, 41, 167, 100),
    (1002, 'Vélo électrique Trek Powerfly 5', 'Vélo électrique performant pour une conduite assistée.', 2499.99, 8, 120, FALSE, 0, 41, 168, 110),
    (1003, 'Casque de vélo Giro Synthe', 'Casque léger et aérodynamique pour la sécurité du cycliste.', 149.99, 30, 1490, TRUE, 0, 41, 169, 90),
    (1004, 'Maillot de cyclisme Castelli Aero Race 6.0', 'Maillot de cyclisme aérodynamique pour une performance optimale.', 89.99, 25, 5, FALSE, 0, 41, 170, 80),
    (1005, 'Réparation et entretien de vélos (forfait basique)', 'Forfait comprenant une révision complète du vélo.', 79.99, 42, 8, FALSE, 0, 41, 171, 60),
    (1006, 'Vélo de route Trek Domane AL 2', 'Vélo de route polyvalent pour les cyclistes débutants.', 799.99, 20, 60, FALSE, 0, 41, 166, 120),
    (1007, 'VTT Cannondale Trail 8', 'VTT robuste et polyvalent pour les sentiers.', 899.99, 18, 70, FALSE, 0, 41, 167, 100),
    (1008, 'Vélo électrique Specialized Turbo Vado 3.0', 'Vélo électrique élégant pour la ville.', 2999.99, 12, 150, FALSE, 0, 41, 168, 110),
    (1009, 'Antivol de vélo ABUS Granit X-Plus 540', 'Antivol haut de gamme pour protéger votre vélo.', 129.99, 40, 1290, TRUE, 0, 41, 169, 90),
    (1010, 'Cuissard de cyclisme Assos Equipe RS S9', 'Cuissard haut de gamme pour un confort maximal.', 219.99, 22, 10, FALSE, 0, 41, 170, 80),
    (1011, 'Réparation et entretien de vélos (forfait premium)', 'Forfait comprenant une révision approfondie et des ajustements.', 129.99, 23, 12, FALSE, 0, 41, 171, 60),
    (1012, 'Vélo de route Canyon Ultimate CF SL Disc 8.0', 'Vélo de route léger et performant avec freins à disque.', 1799.99, 15, 100, FALSE, 0, 41, 166, 120),
    (1013, 'VTT Giant Talon 29 3', 'VTT robuste avec roues de 29 pouces pour une meilleure traction.', 1199.99, 20, 70, FALSE, 0, 41, 167, 100),
    (1014, 'Vélo électrique Cube Reaction Hybrid Pro 500', 'Vélo électrique avec batterie intégrée pour une esthétique épurée.', 2599.99, 10, 130, FALSE, 0, 41, 168, 110),
    (1015, 'Casque de vélo Oakley ARO5', 'Casque aérodynamique avec ventilation optimale.', 179.99, 35, 1790, TRUE, 0, 41, 169, 90),
    (1016, 'Maillot de cyclisme Rapha Core', 'Maillot de cyclisme classique pour un style épuré.', 99.99, 28, 8, FALSE, 0, 41, 170, 80),
    (1017, 'Réparation et entretien de vélos (forfait complet)', 'Forfait complet incluant une révision approfondie et le remplacement des pièces usées.', 199.99, 78, 15, FALSE, 0, 41, 171, 60),

    (1018, 'Tableau "Lueur du crépuscule"', 'Peinture à l''huile représentant un paysage nocturne.', 899.99, 5, 8990, TRUE, 0, 42, 172, 100),
    (1019, 'Sculpture "Liberté Abstraite"', 'Sculpture moderne en métal représentant la liberté.', 1499.99, 3, 80, FALSE, 0, 42, 173, 110),
    (1020, 'Photographie "Urban Jungle"', 'Photographie en noir et blanc d''une ville moderne.', 499.99, 8, 30, FALSE, 0, 42, 174, 90),
    (1021, 'Art numérique "Chaos Cosmique"', 'Œuvre d''art numérique représentant un cosmos chaotique.', 699.99, 6, 40, FALSE, 0, 42, 175, 80),
    (1022, 'Tableau "Évasion Mentale"', 'Peinture abstraite symbolisant une évasion mentale.', 1099.99, 4, 60, FALSE, 0, 42, 176, 120),
    (1023, 'Artisanat local "Tissage Traditionnel"', 'Tapisserie tissée à la main selon les traditions locales.', 799.99, 7, 45, FALSE, 0, 42, 177, 70),
    (1024, 'Tableau "Nature Vivante"', 'Peinture à l''acrylique représentant une scène de nature.', 749.99, 10, 7490, TRUE, 0, 42, 172, 100),
    (1025, 'Sculpture "Harmonie des Formes"', 'Sculpture abstraite en bois jouant sur les formes et les textures.', 1199.99, 3, 70, FALSE, 0, 42, 173, 110),
    (1026, 'Photographie "Reflet Urbain"', 'Photographie artistique d''un reflet urbain dans une flaque d''eau.', 399.99, 12, 25, FALSE, 0, 42, 174, 90),
    (1027, 'Art numérique "Rêverie Spatiale"', 'Composition numérique abstraite évoquant un voyage dans l''espace.', 599.99, 8, 35, FALSE, 0, 42, 175, 80),
    (1028, 'Tableau "Fusion des Âmes"', 'Peinture à l''huile représentant une fusion symbolique des âmes.', 999.99, 5, 9990, TRUE, 0, 42, 176, 120),
    (1029, 'Artisanat local "Poterie Traditionnelle"', 'Poterie artisanale réalisée selon les techniques traditionnelles.', 899.99, 6, 50, FALSE, 0, 42, 177, 70),
    (1030, 'Tableau "Éclat de Lumière"', 'Peinture acrylique mettant en avant un éclat de lumière dans la nature.', 849.99, 9, 45, FALSE, 0, 42, 172, 100),
    (1031, 'Sculpture "Danse des Couleurs"', 'Sculpture abstraite en verre représentant la danse des couleurs.', 1399.99, 4, 75, FALSE, 0, 42, 173, 110),
    (1032, 'Photographie Instants Suspendus', 'Photographie artistique capturant des instants suspendus dans le temps.', 449.99, 11, 30, FALSE, 0, 42, 174, 90),
    (1033, 'Art numérique Univers Parallèles', 'Composition numérique représentant des univers parallèles entrelacés.', 659.99, 7, 40, FALSE, 0, 42, 175, 80),
    (1034, 'Tableau "Rêverie en Bleu"', 'Peinture à l''huile invitant à une rêverie dans les tons de bleu.', 1199.99, 3, 65, FALSE, 0, 42, 176, 120),
    (1035, 'Artisanat local "Céramique Rustique"', 'Céramique rustique façonnée à la main par des artisans locaux.', 749.99, 8, 7490, TRUE, 0, 42, 177, 70),

    (1036, 'Tente familiale "Aventure en Nature"', 'Tente spacieuse pour les séjours en famille en plein air.', 249.99, 10, 2490, TRUE, 0, 43, 178, 100),
    (1037, 'Veste de randonnée "Explorateur"', 'Veste légère et imperméable pour la randonnée pédestre.', 129.99, 15, 10, FALSE, 0, 43, 179, 90),
    (1038, 'Corde d''escalade "Sécurité Maximale"', 'Corde robuste et résistante pour l''escalade.', 199.99, 8, 15, FALSE, 0, 43, 180, 80),
    (1039, 'Kayak gonflable "Rivière Sauvage"', 'Kayak facile à transporter et à utiliser pour les aventures aquatiques.', 349.99, 5, 3490, TRUE, 0, 43, 181, 70),
    (1040, 'Lampe frontale rechargeable "Lumière Nocturne"', 'Lampe frontale puissante avec plusieurs modes d''éclairage.', 49.99, 20, 490, TRUE, 0, 43, 182, 60),
    (1041, 'Sac de couchage "Nuit Étoilée"', 'Sac de couchage confortable pour les nuits à la belle étoile.', 89.99, 12, 10, FALSE, 0, 43, 178, 100),
    (1042, 'Pantalon de randonnée "Trail Blazer"', 'Pantalon léger et résistant pour les randonnées en montagne.', 79.99, 18, 8, FALSE, 0, 43, 179, 90),
    (1043, 'Harnais d''escalade "Liberté Assurée"', 'Harnais confortable et sécurisé pour les sessions d''escalade.', 149.99, 7, 12, FALSE, 0, 43, 180, 80),
    (1044, 'Paddle gonflable "Aventure Aquatique"', 'Paddle stable et facile à transporter pour les balades en mer.', 399.99, 4, 3990, TRUE, 0, 43, 181, 70),
    (1045, 'Jumelles compactes "Vue Panoramique"', 'Jumelles légères offrant une vision panoramique.', 69.99, 15, 7, FALSE, 0, 43, 182, 60),
    (1046, 'Tente de camping "Exploration Sauvage"', 'Tente compacte et légère pour les aventures en solo.', 179.99, 10, 15, FALSE, 0, 43, 178, 100),
    (1047, 'Chaussures de randonnée "Sentier Sauvage"', 'Chaussures robustes et confortables pour les randonnées.', 129.99, 20, 10, FALSE, 0, 43, 179, 90),
    (1048, 'Casque d''escalade "Protection Maximale"', 'Casque léger et ventilé offrant une protection optimale.', 99.99, 9, 8, FALSE, 0, 43, 180, 80),
    (1049, 'Palmes de plongée "Exploration Sous-Marine"', 'Palmes ergonomiques pour une exploration sous-marine confortable.', 79.99, 6, 5, FALSE, 0, 43, 181, 70),
    (1050, 'Boussole de poche "Orientation Précise"', 'Boussole compacte et précise pour ne jamais perdre le nord.', 29.99, 25, 3, FALSE, 0, 43, 182, 60),

    (1051, 'Écouteurs sans fil "SoundWave"', 'Écouteurs Bluetooth avec une qualité sonore exceptionnelle.', 79.99, 20, 790, TRUE, 0, 44, 183, 100),
    (1052, 'Montre connectée "SmartFit"', 'Montre intelligente avec suivi d''activité et notifications.', 149.99, 15, 10, FALSE, 0, 44, 184, 90),
    (1053, 'Coque de téléphone "UltraProtect"', 'Coque de téléphone robuste et résistante aux chocs.', 29.99, 30, 3, FALSE, 0, 44, 185, 80),
    (1054, 'Robot de cuisine "MasterChef"', 'Robot multifonction pour des préparations culinaires rapides.', 199.99, 10, 15, FALSE, 0, 44, 186, 70),
    (1055, 'Lampe de bureau LED "EcoLight"', 'Lampe de bureau économe en énergie avec plusieurs intensités.', 49.99, 25, 7, FALSE, 0, 44, 187, 60),
    (1056, 'Adaptateur universel de voyage "GlobalConnect"', 'Adaptateur de voyage pour prises électriques du monde entier.', 39.99, 15, 5, FALSE, 0, 44, 188, 50),
    (1057, 'Écouteurs sans fil "SoundWave Pro"', 'Écouteurs Bluetooth haut de gamme avec suppression de bruit.', 149.99, 15, 1490, TRUE, 0, 44, 183, 40),
    (1058, 'Montre connectée "SmartFit Plus"', 'Montre intelligente avec suivi d''activité avancé et écran tactile.', 199.99, 10, 15, FALSE, 0, 44, 184, 30),
    (1059, 'Coque de téléphone "UltraProtect Plus"', 'Coque de téléphone ultra résistante aux chocs et à l''eau.', 39.99, 20, 5, FALSE, 0, 44, 185, 20),
    (1060, 'Robot de cuisine "MasterChef Pro"', 'Robot multifonction haut de gamme avec écran tactile et connexion Wi-Fi.', 299.99, 5, 20, FALSE, 0, 44, 186, 10),

    (1061, 'Pains de tradition', 'Pains traditionnels français et autres spécialités.', 3.99, 50, 1, FALSE, 0, 45, 189, 100),
    (1062, 'Viennoiseries', 'Croissants, pains au chocolat, brioches.', 2.99, 40, 1, FALSE, 0, 45, 190, 90),
    (1063, 'Pâtisseries', 'Tartes, gâteaux, éclairs.', 10.99, 20, 2, FALSE, 0, 45, 191, 80),
    (1064, 'Pains spéciaux', 'Pains sans gluten, pains complets.', 4.99, 30, 40, TRUE, 0, 45, 192, 70),
    (1065, 'Baguette tradition', 'La tradition française dans votre assiette.', 2.49, 60, 1, FALSE, 0, 45, 189, 110),
    (1066, 'Croissant', 'Le classique du petit-déjeuner.', 1.99, 50, 1, FALSE, 0, 45, 190, 100),
    (1067, 'Éclair au chocolat', 'Un délice pour les amateurs de chocolat.', 3.49, 40, 1, FALSE, 0, 45, 191, 90),
    (1068, 'Pain aux raisins', 'Un plaisir sucré pour commencer la journée.', 3.99, 30, 30, TRUE, 0, 45, 190, 80),
    (1069, 'Pain complet', 'Riche en fibres pour une alimentation équilibrée.', 4.49, 20, 2, FALSE, 0, 45, 192, 70),
    (1070, 'Pain sans gluten', 'Pour les personnes intolérantes au gluten.', 5.49, 15, 2, FALSE, 0, 45, 192, 60),
    (1071, 'Tarte aux fruits', 'Une explosion de saveurs fruitées.', 12.99, 10, 2, FALSE, 0, 45, 191, 50),
    (1072, 'Pain aux noix', 'La saveur rustique des noix dans un pain.', 4.99, 25, 1, FALSE, 0, 45, 192, 40),
    (1073, 'Pain aux céréales', 'Un mélange savoureux de graines et de céréales.', 3.99, 30, 1, FALSE, 0, 45, 192, 30),
    (1074, 'Chausson aux pommes', 'Le dessert réconfortant par excellence.', 2.99, 35, 20, TRUE, 0, 45, 191, 20),
    (1075, 'Pain aux olives', 'Une touche méditerranéenne dans votre assiette.', 4.49, 20, 2, FALSE, 0, 45, 192, 10),

    (1076, 'Romans', 'Découvrez les derniers best-sellers et classiques.', 15.99, 30, 150, TRUE, 0, 46, 193, 100),
    (1077, 'Livres de poche', 'Des lectures légères pour emporter partout.', 9.99, 25, 1, FALSE, 0, 46, 193, 90),
    (1078, 'Polar', 'Enquêtes captivantes et mystères à résoudre.', 12.99, 20, 2, FALSE, 0, 46, 193, 80),
    (1079, 'Science-fiction', 'Voyagez vers des mondes futuristes et imaginaires.', 18.99, 15, 180, TRUE, 0, 46, 193, 70),
    (1080, 'Contes pour enfants', 'Des histoires merveilleuses pour les plus jeunes lecteurs.', 8.99, 30, 1, FALSE, 0, 46, 194, 60),
    (1081, 'Livres illustrés', 'Des images éclatantes accompagnées de belles histoires.', 10.99, 25, 1, FALSE, 0, 46, 194, 50),
    (1082, 'Contes classiques', 'Retrouvez les histoires intemporelles de votre enfance.', 7.99, 20, 1, FALSE, 0, 46, 194, 40),
    (1083, 'Biographies', 'Découvrez la vie fascinante de personnages célèbres.', 14.99, 15, 2, FALSE, 0, 46, 195, 30),
    (1084, 'Histoire', 'Plongez dans les événements qui ont façonné le monde.', 17.99, 10, 170, TRUE, 0, 46, 195, 20),
    (1085, 'Sciences', 'Explorez les mystères de l''univers et de la nature.', 19.99, 5, 3, FALSE, 0, 46, 195, 10),

    (111085, 'Aspirine', 'Pour soulager les maux de tête et les douleurs.', 5.99, 30, 1, FALSE, 0, 47, 196, 100),
    (1086, 'Paracétamol', 'Un antalgique et antipyrétique couramment utilisé.', 6.99, 25, 60, TRUE, 0, 47, 196, 90),
    (1087, 'Ibuprofène', 'Anti-inflammatoire non stéroïdien pour la douleur et l''inflammation.', 7.99, 20, 2, FALSE, 0, 47, 196, 80),
    (1088, 'Vitamine C', 'Pour renforcer le système immunitaire.', 9.99, 15, 2, FALSE, 0, 47, 197, 70),
    (1089, 'Vitamine D', 'Pour la santé des os et la fonction immunitaire.', 11.99, 10, 2, FALSE, 0, 47, 197, 60),
    (1090, 'Huile essentielle de lavande', 'Pour la relaxation et la réduction du stress.', 12.99, 30, 2, FALSE, 0, 47, 197, 50),
    (1091, 'Pansements adhésifs', 'Pour les petites blessures et égratignures.', 3.99, 25, 40, TRUE, 0, 47, 198, 40),
    (1092, 'Antiseptique', 'Pour désinfecter les plaies mineures.', 4.99, 20, 1, FALSE, 0, 47, 198, 30),
    (1093, 'Thermomètre digital', 'Pour surveiller la température corporelle.', 15.99, 15, 2, FALSE, 0, 47, 198, 20),
    (1094, 'Lotion anti-moustique', 'Pour protéger contre les piqûres de moustiques.', 8.99, 10, 80, TRUE, 0, 47, 198, 10),

    (1095, 'Pommes', 'Fruits frais et croquants.', 2.99, 30, 20, TRUE, NULL, 48, 199, 100),
    (1096, 'Tomates', 'Tomates mûres et juteuses.', 3.99, 25, 1, FALSE, NULL, 48, 199, 90),
    (1097, 'Carottes', 'Carottes fraîches et croquantes.', 1.99, 20, 1, FALSE, NULL, 48, 199, 80),
    (1098, 'Lait demi-écrémé', 'Lait frais et demi-écrémé.', 1.99, 30, 1, FALSE, NULL, 48, 200, 70),
    (1099, 'Fromage de chèvre', 'Fromage de chèvre crémeux et délicieux.', 4.99, 25, 2, FALSE, NULL, 48, 200, 60),
    (1100, 'Yaourts nature', 'Yaourts naturels et savoureux.', 2.49, 20, 1, FALSE, NULL, 48, 200, 50),
    (1101, 'Saucisson sec', 'Saucisson sec de qualité artisanale.', 6.99, 15, 2, FALSE, NULL, 48, 201, 40),
    (1102, 'Jambon cru', 'Jambon cru tranché finement.', 8.99, 10, 80, TRUE, NULL, 48, 201, 30),
    (1103, 'Pâté de campagne', 'Pâté de campagne fait maison.', 5.99, 15, 1, FALSE, NULL, 48, 201, 20),
    (1104, 'Salami', 'Salami italien épicé et savoureux.', 7.49, 20, 2, FALSE, NULL, 48, 201, 10),
    (1105, 'Concombre', 'Concombre frais pour salades.', 1.49, 20, 10, TRUE, NULL, 48, 199, 95),
    (1106, 'Poivrons', 'Poivrons rouges, jaunes et verts.', 4.49, 15, 1, FALSE, NULL, 48, 199, 85),
    (1107, 'Brocoli', 'Brocoli frais et nutritif.', 2.29, 20, 1, FALSE, NULL, 48, 199, 75),
    (1108, 'Beurre', 'Beurre doux et crémeux.', 2.79, 25, 20, TRUE, NULL, 48, 200, 65),
    (1109, 'Fromage emmental', 'Fromage emmental suisse.', 3.99, 20, 2, FALSE, NULL, 48, 200, 55),
    (1110, 'Yaourts aux fruits', 'Yaourts aux fruits variés.', 2.99, 15, 1, FALSE, NULL, 48, 200, 45),
    (1111, 'Saucisse fumée', 'Saucisse fumée de qualité supérieure.', 6.49, 10, 2, FALSE, NULL, 48, 201, 35),
    (1112, 'Jambon cuit', 'Jambon cuit sans nitrite ajouté.', 7.99, 15, 2, FALSE, NULL, 48, 201, 25),
    (1113, 'Terrine de gibier', 'Terrine de gibier maison.', 5.49, 10, 1, FALSE, NULL, 48, 201, 15),
    (1114, 'Saucisson à l''ail', 'Saucisson à l''ail provençal.', 6.99, 20, 2, FALSE, NULL, 48, 201, 5),

    (1120, 'Café Espresso', 'Espresso riche et corsé', 2.50, 100, 5, FALSE, 0, 49, 202, 10),
    (1121, 'Thé Vert', 'Thé vert bio rafraîchissant', 3.00, 80, 6, FALSE, 0, 49, 203, 15),
    (1122, 'Cappuccino', 'Mousseux et onctueux', 3.50, 90, 30, TRUE, 0, 49, 204, 12),

    (1123, 'Salade Gourmande', 'Salade fraîche avec produits du terroir', 12.00, 50, 12, FALSE, 0, 50, 205, 20),
    (1124, 'Steak au Poivre', 'Viande de boeuf, sauce poivre', 20.00, 40, 20, FALSE, 0, 50, 206, 25),
    (1125, 'Tiramisu', 'Dessert italien classique', 8.00, 60, 8, FALSE, 0, 50, 207, 18),
    (1126, 'Vin Rouge Maison', 'Sélection maison de vins rouges', 5.00, 70, 50, TRUE, 0, 50, 208, 22),

    (1127, 'Entrecôte de boeuf', '300g d''entrecôte tendre et juteuse', 15.00, 35, 15, FALSE, 0, 51, 209, 30),
    (1128, 'Filet de porc', 'Filet de porc élevé en plein air', 12.00, 40, 12, FALSE, 0, 51, 210, 25),
    (1129, 'Poulet fermier', 'Poulet entier, élevage fermier responsable', 10.00, 50, 100, TRUE, 0, 51, 211, 20),
    (1130, 'Jambon cru', 'Jambon cru affiné 24 mois', 18.00, 30, 18, FALSE, 0, 51, 212, 15),

    (1131, 'Saumon Atlantique', 'Filet de saumon frais, pêche durable', 20.00, 25, 200, TRUE, 0, 52, 213, 40),
    (1132, 'Huîtres Belon', 'Douzaine d''huîtres Belon, fraîcheur garantie', 22.00, 20, 22, FALSE, 0, 52, 214, 35),
    (1133, 'Truite fumée', 'Truite fumée au bois de hêtre', 18.00, 30, 18, FALSE, 0, 52, 215, 28),
    (1134, 'Bar de ligne', 'Bar de ligne, pêche du jour', 25.00, 20, 25, FALSE, 0, 52, 216, 22),

    (1135, 'Robe en soie', 'Robe élégante en soie pure', 45.00, 15, 45, FALSE, 0, 53, 217, 12),
    (1136, 'Chemise coton homme', 'Chemise en coton bio, coupe ajustée', 30.00, 20, 300, TRUE, 0, 53, 218, 18),
    (1137, 'Jeans enfant', 'Jeans robuste pour enfant, tout confort', 25.00, 25, 25, FALSE, 0, 53, 219, 14),
    (1138, 'Ceinture en cuir', 'Ceinture en cuir véritable, style classique', 20.00, 30, 200, TRUE, 0, 53, 220, 10),

    (1139, 'Bague diamant', 'Bague en or blanc avec diamant central', 200.00, 5, 200, FALSE, 0, 54, 221, 8),
    (1140, 'Collier perle', 'Collier avec perles de culture véritables', 150.00, 8, 150, FALSE, 0, 54, 222, 12),
    (1141, 'Bracelet jonc', 'Bracelet jonc en or 18 carats', 180.00, 7, 1800, TRUE, 0, 54, 223, 9),
    (1142, 'Boucles d''oreilles saphir', 'Boucles d''oreilles en or avec saphirs', 170.00, 6, 170, FALSE, 0, 54, 224, 11),

    (1160, 'Perceuse sans fil', 'Perceuse ergonomique pour tous travaux', 75.00, 25, 75, FALSE, 0, 55, 244, 19),
    (1161, 'Kit tournevis', 'Ensemble de tournevis pour précision', 20.00, 40, 200, TRUE, 0, 55, 245, 21),
    (1162, 'Boîte à outils', 'Boîte robuste avec compartiments', 30.00, 30, 30, FALSE, 0, 55, 245, 18),
    (1163, 'Peinture murale vert émeraude', '2L de peinture lavable et durable', 22.00, 50, 220, TRUE, 0, 55, 248, 25),

    (1164, 'Puzzle 1000 pièces', 'Puzzle détaillé pour heures de détente', 15.00, 35, 150, TRUE, 0, 56, 251, 14),
    (1165, 'Dinette en bois', 'Jeu de dinette complet en bois naturel', 40.00, 20, 40, FALSE, 0, 56, 252, 17),
    (1166, 'Voiture télécommandée', 'Voiture tout-terrain à grande vitesse', 60.00, 25, 60, FALSE, 0, 56, 252, 20),

    (1167, 'Bouquet roses rouges', 'Bouquet de 12 roses rouges passion', 30.00, 15, 30, FALSE, 0, 57, 255, 12),
    (1168, 'Plante verte d''intérieur', 'Ficus robuste, facile d''entretien', 25.00, 20, 250, TRUE, 0, 57, 256, 16),

    (1169, 'Shampoing réparateur', 'Shampoing bio pour cheveux abîmés', 12.00, 40, 120, TRUE, 0, 58, 263, 18),
    (1170, 'Coupe et brushing', 'Service de coupe et mise en forme', 35.00, 1, 35, TRUE, 0, 58, 259, 20),

    (1171, 'Lunettes de soleil polarisées', 'Protection UV400, monture légère', 50.00, 30, 50, FALSE, 0, 59, 264, 22),
    (1172, 'Lentilles de contact mensuelles', 'Lentilles confortables, vision claire', 20.00, 60, 200, TRUE, 0, 59, 266, 15),

    (1173, 'Camembert de Normandie', 'Fromage AOP au lait cru, affiné 4 semaines', 7.00, 40, 7, FALSE, 0, 60, 268, 18),
    (1174, 'Comté 24 mois', 'Fromage fruité avec cristallisations', 9.50, 35, 90, TRUE, 0, 60, 269, 20),

    (1175, 'Macarons assortis', 'Coffret de 12 macarons aux parfums variés', 14.00, 25, 14, FALSE, 0, 61, 276, 25),
    (1176, 'Tarte au citron meringuée', 'Tarte au citron avec meringue croustillante', 12.00, 30, 120, TRUE, 0, 61, 274, 22),

    (1177, 'Baskets de course', 'Baskets légères pour amateurs de course', 50.00, 20, 50, FALSE, 0, 62, 279, 20),
    (1178, 'Sandales en cuir', 'Sandales confortables pour l''été', 35.00, 25, 350, TRUE, 0, 62, 277, 18),

    (1179, 'Smartphone haut de gamme', 'Dernier modèle avec caméra 108MP', 999.00, 10, 999, FALSE, 0, 63, 281, 30),
    (1180, 'Écouteurs sans fil', 'Écouteurs avec réduction de bruit active', 199.00, 15, 1990, TRUE, 0, 63, 283, 25),

    (1181, 'Coffret de thés du monde', 'Sélection de thés exclusifs des quatre coins du monde.', 45.00, 30, 45, FALSE, 0, 64, 286, 18),
    (1182, 'Jeu d''échecs artisanal', 'Jeu d''échecs en bois fait à la main, pièces sculptées avec soin.', 60.00, 15, 60, FALSE, 0, 64, 287, 15),
    (1183, 'Kit de jardinage urbain', 'Tout le nécessaire pour démarrer un jardin urbain sur votre balcon.', 35.00, 20, 350, TRUE, 0, 64, 288, 12),

    (1184, 'Guitare acoustique', 'Guitare acoustique avec corps en épicéa et manche en acajou.', 150.00, 10, 150, FALSE, 0, 65, 292, 20),
    (1185, 'Métronome numérique', 'Métronome numérique précis, fonction tap tempo incluse.', 25.00, 25, 250, TRUE, 0, 65, 291, 17),
    (1186, 'Vinyle édition limitée - The Classics', 'Collection de classiques du jazz en vinyle, édition limitée.', 70.00, 30, 70, FALSE, 0, 65, 290, 14),

    (1187, 'Casque de VTT', 'Casque de vélo tout terrain, ultra-résistant aux impacts.', 90.00, 20, 900, TRUE, 0, 66, 294, 18),
    (1188, 'Combinaison de plongée', 'Combinaison intégrale pour plongée en eaux froides, néoprène 5mm.', 120.00, 15, 120, FALSE, 0, 66, 293, 15),
    (1189, 'Sac à dos d\''alpinisme', 'Sac à dos 30L, idéal pour l\''alpinisme et les randonnées de plusieurs jours.', 110.00, 18, 110, FALSE, 0, 66, 295, 20),
    (1190, 'Skateboard électrique', 'Skateboard électrique avec télécommande, vitesse max 25 km/h.', 250.00, 10, 250 , FALSE, 0, 66, 296, 12),

    (1155, 'Marteau en acier', 'Marteau en acier forgé avec manche en bois', 15.00, 40, 15, FALSE, 0, 67, 298, 20),
    (1156, 'Scie circulaire', 'Scie circulaire 1200W avec lame ajustable', 80.00, 30, 80, FALSE, 0, 67, 298, 15),
    (1157, 'Peinture intérieure', 'Peinture blanche satinée, séchage rapide', 25.00, 50, 25, FALSE, 0, 67, 299, 18),
    (1158, 'Kit de visserie', 'Assortiment de vis pour tous usages', 20.00, 50, 200, TRUE, 0, 67, 300, 22),
    (1159, 'Prise électrique murale', 'Prise électrique avec protection enfant', 10.00, 60, 10, FALSE, 0, 67, 301, 25);








